scenario,method,iteration,elapsed_s,objective,gap_to_d_chp,rmp_obj,min_reduced_cost,columns
relaxed,level,1,0.0309603214263916,0.0,208453.6020967901,,,
relaxed,level,2,0.0820150375366211,186644.15307435265,21809.449022437446,,,
relaxed,level,3,0.14122700691223145,186644.15307435265,21809.449022437446,,,
relaxed,level,4,0.19969892501831055,186644.15307435265,21809.449022437446,,,
relaxed,level,5,0.2620735168457031,197278.38966744175,11175.21242934835,,,
relaxed,level,6,0.3245811462402344,203762.11885391444,4691.483242875664,,,
relaxed,level,7,0.3908257484436035,203762.11885391444,4691.483242875664,,,
relaxed,level,8,0.46070003509521484,204700.50878747445,3753.093309315649,,,
relaxed,level,9,0.5349774360656738,204700.50878747445,3753.093309315649,,,
relaxed,level,10,0.6096773147583008,205579.50649608744,2874.0956007026543,,,
relaxed,level,11,0.7014672756195068,206638.28373250618,1815.318364283914,,,
relaxed,level,12,0.7897162437438965,207606.3957226211,847.2063741690072,,,
relaxed,level,13,0.8747406005859375,207606.3957226211,847.2063741690072,,,
relaxed,level,14,0.9708571434020996,207606.3957226211,847.2063741690072,,,
relaxed,level,15,1.0693297386169434,207606.3957226211,847.2063741690072,,,
relaxed,level,16,1.166339635848999,207766.07676214862,687.5253346414829,,,
relaxed,level,17,1.2695937156677246,208132.44187906175,321.1602177283494,,,
relaxed,level,18,1.3851654529571533,208132.44187906175,321.1602177283494,,,
relaxed,level,19,1.4941389560699463,208132.44187906175,321.1602177283494,,,
relaxed,level,20,1.6144020557403564,208132.44187906175,321.1602177283494,,,
relaxed,level,21,1.7284235954284668,208132.44187906175,321.1602177283494,,,
relaxed,level,22,1.846365213394165,208132.44187906175,321.1602177283494,,,
relaxed,level,23,1.9793744087219238,208238.0079003362,215.59419645389426,,,
relaxed,level,24,2.15356183052063,208238.0079003362,215.59419645389426,,,
relaxed,level,25,2.291968584060669,208238.0079003362,215.59419645389426,,,
relaxed,level,26,2.470689058303833,208238.0079003362,215.59419645389426,,,
relaxed,level,27,2.6363699436187744,208238.0079003362,215.59419645389426,,,
relaxed,level,28,2.8315446376800537,208244.6246814262,208.9774153638864,,,
relaxed,level,29,3.0317471027374268,208245.66122226333,207.94087452677195,,,
relaxed,level,30,3.2086260318756104,208249.56506999335,204.0370267967519,,,
relaxed,level,31,3.389353036880493,208318.71101054782,134.8910862422781,,,
relaxed,level,32,3.5463016033172607,208318.71101054782,134.8910862422781,,,
relaxed,level,33,3.704965353012085,208330.78956563657,122.81253115352592,,,
relaxed,level,34,3.8608970642089844,208331.53616524194,122.06593154816073,,,
relaxed,level,35,4.021604061126709,208331.53616524194,122.06593154816073,,,
relaxed,level,36,4.183688163757324,208345.2464598093,108.35563698079204,,,
relaxed,level,37,4.350519895553589,208345.2464598093,108.35563698079204,,,
relaxed,level,38,4.517348527908325,208345.2464598093,108.35563698079204,,,
relaxed,level,39,4.686460018157959,208345.2464598093,108.35563698079204,,,
relaxed,level,40,4.865255355834961,208345.2464598093,108.35563698079204,,,
relaxed,level,41,5.0464701652526855,208353.7371821509,99.86491463921266,,,
relaxed,level,42,5.229674816131592,208374.33282956397,79.2692672261328,,,
relaxed,level,43,5.412574291229248,208402.48025463824,51.12184215185698,,,
relaxed,level,44,5.599903583526611,208402.49663340094,51.10546338916174,,,
relaxed,level,45,5.798507452011108,208402.49663340094,51.10546338916174,,,
relaxed,level,46,5.996766805648804,208418.10605556172,35.49604122838355,,,
relaxed,level,47,6.204040765762329,208421.33777983426,32.26431695584324,,,
relaxed,level,48,6.448936700820923,208424.05472697847,29.547369811625686,,,
relaxed,level,49,6.701073884963989,208424.05472697847,29.547369811625686,,,
relaxed,level,50,6.937690734863281,208431.4007945809,22.20130220919964,,,
relaxed,level,51,7.1908769607543945,208432.164015981,21.438080809108214,,,
relaxed,level,52,7.434369802474976,208432.84432803394,20.75776875615702,,,
relaxed,level,53,7.68189549446106,208433.98429217798,19.61780461212038,,,
relaxed,level,54,7.919873952865601,208437.678339218,15.923757572105387,,,
relaxed,level,55,8.180968284606934,208437.678339218,15.923757572105387,,,
relaxed,level,56,8.472508192062378,208441.17986407268,12.422232717421139,,,
relaxed,level,57,8.7268705368042,208442.3867352352,11.215361554903211,,,
relaxed,dwp,1,0.0865166187286377,-95405.85206579839,303859.45416258846,208538.44380333324,-75317.76181472861,17
relaxed,dwp,2,0.2118854522705078,-95405.85206579839,303859.45416258846,208538.44380333315,-356952.39906401304,23
relaxed,dwp,3,0.3608357906341553,-574.5255318626587,209028.12762865276,208538.4438033333,-54032.12350367573,29
relaxed,dwp,4,0.5431797504425049,-574.5255318626587,209028.12762865276,208538.44380333336,-140887.71090159108,35
relaxed,dwp,5,0.7672584056854248,-574.5255318626587,209028.12762865276,208538.44380333327,-81301.66712753278,41
relaxed,dwp,6,1.0206456184387207,-574.5255318626587,209028.12762865276,208538.44380333327,-76817.50252286239,47
relaxed,dwp,7,1.270777940750122,-574.5255318626587,209028.12762865276,208538.44380333324,-75645.10181816592,53
relaxed,dwp,8,1.558288812637329,67604.5361769456,140849.0659198445,208538.44380333324,-35326.839502911804,59
relaxed,dwp,9,1.8701186180114746,67604.5361769456,140849.0659198445,208538.44380333333,-61482.82780992065,65
relaxed,dwp,10,2.219505786895752,67604.5361769456,140849.0659198445,208538.44380333327,-66929.52427310217,71
relaxed,dwp,11,2.7282447814941406,67604.5361769456,140849.0659198445,208538.4438033332,-70750.52504703976,77
relaxed,dwp,12,3.170668125152588,67604.5361769456,140849.0659198445,208538.44380333324,-103194.40505173865,83
relaxed,dwp,13,3.703408718109131,67604.5361769456,140849.0659198445,208538.4438033332,-49668.20905203474,89
relaxed,dwp,14,4.255377531051636,67604.5361769456,140849.0659198445,208538.44380333333,-53568.55261316202,95
relaxed,dwp,15,4.76141881942749,67604.5361769456,140849.0659198445,208538.44380333336,-43862.811050856464,101
relaxed,dwp,16,5.257754802703857,92357.06382578576,116096.53827100433,208538.44380333318,-33430.502323059125,107
relaxed,dwp,17,5.7919018268585205,92357.06382578576,116096.53827100433,208538.44380333327,-29739.994854043216,113
relaxed,dwp,18,6.359264135360718,92357.06382578576,116096.53827100433,208538.44380333333,-38151.75472492301,119
relaxed,dwp,19,6.92317008972168,112822.82091209738,95630.78118469272,208538.44380333333,-24710.17508350012,125
relaxed,dwp,20,7.505088567733765,112822.82091209738,95630.78118469272,208538.44380333327,-30621.99424194046,131
relaxed,dwp,21,8.110673666000366,112822.82091209738,95630.78118469272,208538.44380333324,-28351.02306523251,137
relaxed,dwp,22,8.760615348815918,112822.82091209738,95630.78118469272,208538.44380333327,-29211.98816356029,143
relaxed,dwp,23,9.414724826812744,162647.00476440153,45806.59733238857,208538.4438033333,-12858.79493784472,149
relaxed,dwp,24,10.121779918670654,162647.00476440153,45806.59733238857,208538.44380333304,-17670.618088354797,155
relaxed,dwp,25,10.92996072769165,162647.00476440153,45806.59733238857,208538.44380333362,-21833.45379006685,161
relaxed,dwp,26,11.707454919815063,177404.185454567,31049.416642223106,208538.44380333344,-9536.470437495227,167
relaxed,dwp,27,12.477758407592773,177404.185454567,31049.416642223106,208538.4438033335,-13530.78724256377,173
relaxed,dwp,28,13.492201805114746,177404.185454567,31049.416642223106,208538.4438033331,-12677.7858087776,179
relaxed,dwp,29,14.453998327255249,189662.01709619258,18791.585000597523,208538.44380333333,-6350.467387190603,184
relaxed,dwp,30,15.35000491142273,189662.01709619258,18791.585000597523,208538.4438033332,-8584.546804069178,190
relaxed,dwp,31,16.20318365097046,189662.01709619258,18791.585000597523,208538.4438033323,-8922.586011349473,196
relaxed,dwp,32,17.070348501205444,193184.3018871097,15269.300209680398,208538.4438033332,-4242.314372286566,201
relaxed,dwp,33,17.985445737838745,193184.3018871097,15269.300209680398,208538.4438033332,-9890.926275019716,206
relaxed,dwp,34,18.926498651504517,193184.3018871097,15269.300209680398,208538.44380333333,-5722.586628882725,211
relaxed,dwp,35,19.85617446899414,193940.59356913198,14513.008527658123,208538.44380333315,-4643.861819448504,216
relaxed,dwp,36,20.805415868759155,193940.59356913198,14513.008527658123,208538.4438033334,-5308.173320779865,221
relaxed,dwp,37,21.80229902267456,200189.83550329233,8263.76659349777,208538.44380333356,-3160.506235582682,226
relaxed,dwp,38,22.810258388519287,200238.4097084177,8215.192388372408,208538.4438033332,-2969.4096486978706,231
relaxed,dwp,39,23.832944631576538,200238.4097084177,8215.192388372408,208538.4438033332,-9671.419070482829,236
relaxed,dwp,40,24.893134117126465,200238.4097084177,8215.192388372408,208538.44380333292,-3517.45732838667,241
relaxed,dwp,41,26.0465190410614,200464.47489903605,7989.1271977540455,208538.4438033324,-2900.881098144985,246
relaxed,dwp,42,27.19143295288086,200464.47489903605,7989.1271977540455,208538.44380333324,-6454.94004288913,251
relaxed,dwp,43,28.33378529548645,200464.47489903605,7989.1271977540455,208538.44380333324,-3528.055949979499,256
relaxed,dwp,44,29.485092639923096,203191.88784553864,5261.714251251455,208538.4438033335,-2465.7226040813202,260
relaxed,dwp,45,30.666935920715332,203191.88784553864,5261.714251251455,208538.44380333324,-5149.007936034392,265
relaxed,dwp,46,31.855779886245728,203191.88784553864,5261.714251251455,208538.4438033332,-2731.1418168373157,270
relaxed,dwp,47,33.10590124130249,203191.88784553864,5261.714251251455,208538.44380333318,-4107.230510991704,274
relaxed,dwp,48,34.371440172195435,204541.7828189753,3911.819277814793,208538.4438033333,-1547.3376790626662,279
relaxed,dwp,49,35.66809105873108,204541.7828189753,3911.819277814793,208538.4438033332,-2035.0376487691037,284
relaxed,dwp,50,36.95950388908386,204541.7828189753,3911.819277814793,208538.44380333374,-5018.060547122449,288
relaxed,dwp,51,38.26904892921448,204541.7828189753,3911.819277814793,208538.4438033333,-2383.9903776628257,292
relaxed,dwp,52,39.602097034454346,204541.7828189753,3911.819277814793,208538.44380333458,-2986.9999920293985,296
relaxed,dwp,53,40.93052339553833,204801.99865313285,3651.603443657252,208538.4438033332,-1439.270209596763,301
relaxed,dwp,54,42.291455030441284,204941.64589445348,3511.956202336616,208538.4438033341,-1535.5736954091847,306
relaxed,dwp,55,43.67088437080383,204941.64589445348,3511.956202336616,208538.44380333804,-2233.187598706365,311
relaxed,dwp,56,45.09911799430847,204941.64589445348,3511.956202336616,208538.44380333205,-1844.309197676022,315
relaxed,dwp,57,46.49878406524658,204941.64589445348,3511.956202336616,208538.44380333307,-2757.58494205244,319
relaxed,dwp,58,47.91216850280762,204941.64589445348,3511.956202336616,208538.44380333327,-2311.606458238028,323
relaxed,dwp,59,49.3881733417511,204941.64589445348,3511.956202336616,208538.443803334,-2289.1687351705036,327
relaxed,dwp,60,50.90171504020691,205470.85101629523,2982.751080494869,208538.44380333356,-1307.956530847654,332
relaxed,dwp,61,52.38826084136963,205470.85101629523,2982.751080494869,208538.44380333356,-1761.2475668845896,336
relaxed,dwp,62,53.914791107177734,206484.215264518,1969.38683227211,208538.44380333577,-991.0279111670404,340
relaxed,dwp,63,55.47666335105896,206484.215264518,1969.38683227211,208538.4438033333,-1196.5956068395585,344
relaxed,dwp,64,57.03885626792908,206484.215264518,1969.38683227211,208538.4438033337,-1473.628943145658,348
relaxed,dwp,65,58.58236813545227,206484.215264518,1969.38683227211,208538.4438033335,-1703.843370867552,352
relaxed,dwp,66,60.26869201660156,206484.215264518,1969.38683227211,208538.44380333365,-1369.3958262309543,356
relaxed,dwp,67,61.97249698638916,206885.22829207004,1568.3738047200604,208538.4438033342,-873.1545869833767,360
relaxed,dwp,68,63.64103937149048,206885.22829207004,1568.3738047200604,208538.44380333106,-1025.8969615472906,363
relaxed,dwp,69,65.3054871559143,206885.22829207004,1568.3738047200604,208538.44380333548,-1099.7611922379767,366
relaxed,dwp,70,67.01643204689026,207046.82899709776,1406.7730996923347,208538.44380333324,-842.5018777330338,370
relaxed,dwp,71,68.67243647575378,207046.82899709776,1406.7730996923347,208538.4438033334,-722.6249845318537,373
relaxed,dwp,72,70.33889293670654,207262.17373725117,1191.428359538928,208538.443803337,-603.0789521540928,376
relaxed,dwp,73,72.01913738250732,207262.17373725117,1191.428359538928,208538.4438033342,-1083.7016882821563,379
relaxed,dwp,74,73.7031512260437,207262.17373725117,1191.428359538928,208538.44380333656,-682.0576669495608,382
relaxed,dwp,75,75.40495467185974,207262.17373725117,1191.428359538928,208538.44380333443,-622.7329805385336,385
relaxed,dwp,76,77.14665460586548,207262.17373725117,1191.428359538928,208538.44380333237,-645.2308165490692,388
relaxed,dwp,77,78.91163206100464,207262.17373725117,1191.428359538928,208538.4438033352,-495.7406429848452,391
relaxed,dwp,78,80.65410137176514,207393.2070341679,1060.3950626222068,208537.2009391698,-535.7484180578504,394
relaxed,dwp,79,82.41953468322754,207400.49754277358,1053.1045540165214,208536.3318668021,-537.5547382603036,397
relaxed,dwp,80,84.22655248641968,207745.6228261455,707.9792706446024,208535.49029134202,-382.7643027245588,400
relaxed,dwp,81,86.08316564559937,207745.6228261455,707.9792706446024,208534.35793476485,-523.2500872283438,403
relaxed,dwp,82,87.86368250846863,207845.65933880035,607.9427579897456,208532.9675803368,-343.6541207682051,405
relaxed,dwp,83,89.6788558959961,207845.65933880035,607.9427579897456,208532.15927816063,-454.6914348999934,408
relaxed,dwp,84,91.53039216995239,207979.8210184105,473.78107837960124,208529.8049182661,-269.6123070706524,411
relaxed,dwp,85,93.30904221534729,207979.8210184105,473.78107837960124,208528.67516007536,-578.3601877843244,414
relaxed,dwp,86,95.16629362106323,207979.8210184105,473.78107837960124,208528.04164303455,-404.62094093935525,417
relaxed,dwp,87,97.0049238204956,207979.8210184105,473.78107837960124,208527.56982666044,-442.93167816816594,420
relaxed,dwp,88,98.88002014160156,207979.8210184105,473.78107837960124,208527.38177667552,-318.1188902221347,423
relaxed,dwp,89,100.80879211425781,207979.8210184105,473.78107837960124,208526.73014023728,-379.834704826246,426
relaxed,dwp,90,102.67568111419678,207979.8210184105,473.78107837960124,208525.80046581783,-377.74796417081575,428
relaxed,dwp,91,104.58055782318115,207979.8210184105,473.78107837960124,208525.2243177974,-363.495158298178,431
relaxed,dwp,92,106.50948905944824,207979.8210184105,473.78107837960124,208523.74055439382,-466.9659917950478,434
relaxed,dwp,93,108.52679538726807,207979.8210184105,473.78107837960124,208522.79703634628,-368.0540720703822,436
relaxed,dwp,94,110.50831294059753,207979.8210184105,473.78107837960124,208522.38261549437,-321.38462208417195,438
relaxed,dwp,95,112.52180361747742,207979.8210184105,473.78107837960124,208521.74533177,-364.20724576830503,440
relaxed,dwp,96,114.55351519584656,207979.8210184105,473.78107837960124,208521.0459422998,-410.0824651145731,442
relaxed,dwp,97,116.54396438598633,208054.77246637573,398.82963041437324,208518.4651928101,-231.8463632171887,444
relaxed,dwp,98,118.56747269630432,208054.77246637573,398.82963041437324,208517.087769615,-235.09934028267014,446
relaxed,dwp,99,120.54920244216919,208054.77246637573,398.82963041437324,208516.36814503276,-250.43581081863772,448
relaxed,dwp,100,122.61526131629944,208054.77246637573,398.82963041437324,208515.32409848468,-243.21525930906432,450
relaxed,dwp,101,124.6239264011383,208054.77246637573,398.82963041437324,208512.0747127622,-296.53078843968046,453
relaxed,dwp,102,126.70551204681396,208054.77246637573,398.82963041437324,208511.2182890061,-302.12500717839475,455
relaxed,dwp,103,128.78837656974792,208091.4631895407,362.13890724940575,208510.64570380337,-208.28863410967142,458
relaxed,dwp,104,130.8187816143036,208091.4631895407,362.13890724940575,208509.8489051759,-262.2129555125548,460
relaxed,dwp,105,132.9278645515442,208108.25881443272,345.3432823573821,208508.7760271161,-200.25860634169862,462
relaxed,dwp,106,134.98679089546204,208108.25881443272,345.3432823573821,208508.51112358403,-291.27616999779,464
relaxed,dwp,107,137.0020146369934,208108.25881443272,345.3432823573821,208508.23219711613,-269.7155820116225,466
relaxed,dwp,108,139.05391120910645,208108.25881443272,345.3432823573821,208507.94357129803,-266.92521557759574,468
relaxed,dwp,109,141.16328406333923,208204.71158819288,248.89050859722192,208507.69982774163,-151.49411977437512,470
relaxed,dwp,110,143.23212718963623,208205.14883088504,248.4532659050601,208507.6683781194,-151.25977361718003,472
relaxed,dwp,111,145.35151720046997,208205.14883088504,248.4532659050601,208505.9495358949,-243.34085893598944,475
relaxed,dwp,112,147.53240966796875,208205.14883088504,248.4532659050601,208504.63649184597,-226.48970941193147,478
relaxed,dwp,113,149.77418088912964,208205.14883088504,248.4532659050601,208504.2556831723,-169.35480788244354,481
relaxed,dwp,114,152.03249740600586,208205.14883088504,248.4532659050601,208504.09069912776,-163.53074430628908,483
relaxed,dwp,115,154.26289057731628,208205.14883088504,248.4532659050601,208502.79458967602,-213.04121331935607,485
relaxed,dwp,116,156.38858222961426,208222.56573169242,231.03636509767966,208501.58906319417,-139.5116657508829,487
relaxed,dwp,117,158.57488679885864,208222.56573169242,231.03636509767966,208500.68895298848,-153.78111793015694,489
relaxed,dwp,118,160.76243090629578,208222.56573169242,231.03636509767966,208499.94905738498,-175.85343631901105,491
relaxed,dwp,119,162.96152710914612,208222.56573169242,231.03636509767966,208499.186489902,-157.95941720176347,493
relaxed,dwp,120,165.17404961585999,208222.56573169242,231.03636509767966,208498.61092201047,-192.72507917233395,495
relaxed,dwp,121,167.41199326515198,208222.56573169242,231.03636509767966,208498.27174262505,-147.22041401139177,497
relaxed,dwp,122,169.63291668891907,208222.56573169242,231.03636509767966,208497.85056876895,-146.41205037038014,499
relaxed,dwp,123,171.90646481513977,208259.85559719044,193.7464995996561,208497.59098444248,-118.86769362602263,501
relaxed,dwp,124,174.11058020591736,208259.85559719044,193.7464995996561,208494.5396094881,-141.3747493821577,503
relaxed,dwp,125,176.39481496810913,208259.85559719044,193.7464995996561,208494.37009168274,-182.09514525722534,505
relaxed,dwp,126,178.62078261375427,208278.06950386468,175.5325929254177,208494.2071994207,-108.06884777800053,507
relaxed,dwp,127,180.91036105155945,208278.06950386468,175.5325929254177,208493.9335640389,-157.12471823862813,510
relaxed,dwp,128,183.1572563648224,208278.06950386468,175.5325929254177,208493.22785618974,-208.61377911690045,513
relaxed,dwp,129,185.4318871498108,208278.06950386468,175.5325929254177,208491.8015552783,-164.67269316957152,515
relaxed,dwp,130,187.710346698761,208278.06950386468,175.5325929254177,208491.68505159978,-121.73540879708094,517
relaxed,dwp,131,190.05392360687256,208314.9835958399,138.61850095019327,208491.58926588565,-88.30283502287375,519
relaxed,dwp,132,192.36421704292297,208314.9835958399,138.61850095019327,208490.62073951875,-147.11002612927132,521
relaxed,dwp,133,194.70871424674988,208314.9835958399,138.61850095019327,208490.1109957634,-148.56639871710172,523
relaxed,dwp,134,197.02177023887634,208314.9835958399,138.61850095019327,208487.04075901298,-141.531387642023,525
relaxed,dwp,135,199.3793113231659,208314.9835958399,138.61850095019327,208482.8128551362,-139.0242494156979,527
relaxed,dwp,136,201.7689778804779,208314.9835958399,138.61850095019327,208479.96065429784,-104.65334547801513,529
relaxed,dwp,137,204.1737163066864,208314.9835958399,138.61850095019327,208477.72259232373,-130.01112691992716,531
relaxed,dwp,138,206.59086179733276,208314.9835958399,138.61850095019327,208476.9773037898,-120.17804046529,533
relaxed,dwp,139,209.02126216888428,208314.9835958399,138.61850095019327,208475.43575532202,-96.92099756213202,535
relaxed,dwp,140,211.41946172714233,208314.9835958399,138.61850095019327,208474.86178323347,-102.01665693568793,537
relaxed,dwp,141,213.82233309745789,208328.98263738863,124.61945940146688,208473.84311214526,-72.43023737831186,539
relaxed,dwp,142,216.2372374534607,208370.328980383,83.27311640710104,208471.80647557287,-50.73874759494163,541
relaxed,dwp,143,218.70178174972534,208370.328980383,83.27311640710104,208471.34292494511,-70.20181798552585,543
relaxed,dwp,144,221.11827945709229,208370.328980383,83.27311640710104,208469.2646439795,-82.69413349427987,545
relaxed,dwp,145,223.52081513404846,208370.328980383,83.27311640710104,208468.24726416005,-58.33156020847423,547
relaxed,dwp,146,225.98990893363953,208394.34175019062,59.26034659947618,208467.69582884692,-36.6770393281347,549
relaxed,dwp,147,228.4416208267212,208394.34175019062,59.26034659947618,208466.78620824797,-43.8899919044145,551
relaxed,dwp,148,230.93393898010254,208395.50598108058,58.09611570951529,208466.61795687358,-35.55598789649548,553
relaxed,dwp,149,233.4478359222412,208395.50598108058,58.09611570951529,208464.76532304837,-45.16254432925689,555
relaxed,dwp,150,235.94970655441284,208395.50598108058,58.09611570951529,208464.5411786015,-46.63727489693747,557
relaxed,dwp,151,238.4603500366211,208395.50598108058,58.09611570951529,208463.74586643136,-37.794937802508684,559
relaxed,dwp,152,240.9661853313446,208409.6688522085,43.93324458159623,208463.26945818448,-26.80030298799761,561
relaxed,dwp,153,243.4761471748352,208409.6688522085,43.93324458159623,208463.06427392358,-31.528055222706826,563
relaxed,dwp,154,246.02257990837097,208409.6688522085,43.93324458159623,208462.2026421139,-48.46563869778447,565
relaxed,dwp,155,248.5818281173706,208409.6688522085,43.93324458159623,208461.78506612912,-52.171107784901096,567
relaxed,dwp,156,251.1372148990631,208419.1361362102,34.46596057989518,208461.71889523967,-21.291379514730693,569
relaxed,dwp,157,253.63019824028015,208419.1361362102,34.46596057989518,208461.46611423878,-28.180627414344826,571
relaxed,dwp,158,256.25016236305237,208419.1361362102,34.46596057989518,208461.11003937945,-26.81448651111714,573
relaxed,dwp,159,258.86675357818604,208419.1361362102,34.46596057989518,208460.88391915566,-29.056981929521953,575
relaxed,dwp,160,261.4497010707855,208419.1361362102,34.46596057989518,208460.51559717345,-29.230069188514108,577
relaxed,dwp,161,264.07446479797363,208419.1361362102,34.46596057989518,208459.33285081707,-43.39712816303654,579
relaxed,dwp,162,266.6677565574646,208419.1361362102,34.46596057989518,208459.23839852642,-39.599663463284514,581
relaxed,dwp,163,269.22659611701965,208419.1361362102,34.46596057989518,208457.64097030385,-39.20925660375997,583
relaxed,dwp,164,271.7997386455536,208419.1361362102,34.46596057989518,208457.16924424333,-35.75491950057301,585
relaxed,dwp,165,274.42098927497864,208419.1361362102,34.46596057989518,208457.01912445726,-23.873425326790993,587
relaxed,dwp,166,277.0257589817047,208419.1361362102,34.46596057989518,208456.72950616974,-23.22062029296785,589
relaxed,dwp,167,279.62774753570557,208419.1361362102,34.46596057989518,208456.41362620002,-30.334004123724526,591
relaxed,dwp,168,282.3879508972168,208419.1361362102,34.46596057989518,208456.12729490644,-23.770303551185634,593
relaxed,dwp,169,285.06103920936584,208453.60207238092,2.440917887724936e-05,208453.60207238092,-7.275957614183426e-12,593
relaxed,dwp_incremental,1,0.02763533592224121,-95405.85206579839,303859.45416258846,208538.44380333324,-75317.76181472861,17
relaxed,dwp_incremental,2,0.05625414848327637,-90409.05759655501,298862.6596933451,208538.4438033333,-80387.51842882072,23
relaxed,dwp_incremental,3,0.08444809913635254,-90409.05759655501,298862.6596933451,208538.44380333327,-180042.39541311143,29
relaxed,dwp_incremental,4,0.11795568466186523,-90409.05759655501,298862.6596933451,208538.4438033333,-87248.88482558138,35
relaxed,dwp_incremental,5,0.1522819995880127,-89969.06935496753,298422.67145175766,208538.4438033333,-75954.74989870354,41
relaxed,dwp_incremental,6,0.1934349536895752,51142.02078986657,157311.58130692353,208538.44380333327,-37954.71680982639,47
relaxed,dwp_incremental,7,0.22707128524780273,51142.02078986657,157311.58130692353,208538.4438033332,-113997.18508710677,53
relaxed,dwp_incremental,8,0.2584066390991211,51142.02078986657,157311.58130692353,208538.44380333336,-46441.482462115666,59
relaxed,dwp_incremental,9,0.28992724418640137,51142.02078986657,157311.58130692353,208538.44380333333,-69374.04144394341,65
relaxed,dwp_incremental,10,0.327054500579834,96038.04503359241,112415.55706319769,208538.44380333333,-29134.587962009573,71
relaxed,dwp_incremental,11,0.36391353607177734,96038.04503359241,112415.55706319769,208538.44380333312,-30013.852941682842,77
relaxed,dwp_incremental,12,0.39971089363098145,96038.04503359241,112415.55706319769,208538.4438033332,-33205.46366267883,83
relaxed,dwp_incremental,13,0.44825124740600586,118394.74910882235,90058.85298796775,208538.44380333327,-22478.42708358445,89
relaxed,dwp_incremental,14,0.4887096881866455,118394.74910882235,90058.85298796775,208538.4438033332,-39361.13608830441,95
relaxed,dwp_incremental,15,0.5276672840118408,118394.74910882235,90058.85298796775,208538.44380333336,-50311.7310459873,101
relaxed,dwp_incremental,16,0.5617556571960449,142911.07233334502,65542.52976344508,208538.44380333333,-19219.431711428333,107
relaxed,dwp_incremental,17,0.5965371131896973,166303.27763594562,42150.32446084448,208538.44380333318,-11330.870800044486,113
relaxed,dwp_incremental,18,0.6321415901184082,166303.27763594562,42150.32446084448,208538.44380333304,-25915.500570450196,119
relaxed,dwp_incremental,19,0.663409948348999,184227.457495746,24226.1446010441,208538.4438033334,-7376.9296232045535,125
relaxed,dwp_incremental,20,0.6986637115478516,184227.457495746,24226.1446010441,208538.4438033332,-9016.357387557253,131
relaxed,dwp_incremental,21,0.7355282306671143,189538.02704470942,18915.575052080676,208538.4438033334,-5766.134664980954,136
relaxed,dwp_incremental,22,0.7761979103088379,201530.27300096152,6923.32909582858,208538.44380333307,-2617.8020743334832,141
relaxed,dwp_incremental,23,0.8099358081817627,201530.27300096152,6923.32909582858,208538.44380333327,-9953.207930328132,145
relaxed,dwp_incremental,24,0.844853401184082,201530.27300096152,6923.32909582858,208538.44380333324,-5914.888008834625,150
relaxed,dwp_incremental,25,0.876814603805542,201530.27300096152,6923.32909582858,208538.4438033334,-3533.9971061012247,155
relaxed,dwp_incremental,26,0.9096612930297852,201530.27300096152,6923.32909582858,208538.44380333397,-7100.465733137606,159
relaxed,dwp_incremental,27,0.946465253829956,201530.27300096152,6923.32909582858,208538.4438033333,-5686.42516388925,164
relaxed,dwp_incremental,28,0.9794712066650391,202913.84286683585,5539.759229954245,208538.44380333324,-2573.842588413815,168
relaxed,dwp_incremental,29,1.0162849426269531,202913.84286683585,5539.759229954245,208538.44380333333,-4199.580860931627,173
relaxed,dwp_incremental,30,1.0496153831481934,202913.84286683585,5539.759229954245,208538.44380333272,-2633.517329235923,178
relaxed,dwp_incremental,31,1.082841396331787,202913.84286683585,5539.759229954245,208538.44380333315,-4347.830868493576,182
relaxed,dwp_incremental,32,1.117990493774414,202913.84286683585,5539.759229954245,208538.44380333158,-3189.037212660319,186
relaxed,dwp_incremental,33,1.1555440425872803,202913.84286683585,5539.759229954245,208538.44380333414,-2930.5986717102137,190
relaxed,dwp_incremental,34,1.1927688121795654,202913.84286683585,5539.759229954245,208538.44380333376,-5154.364316743726,194
relaxed,dwp_incremental,35,1.2257487773895264,202913.84286683585,5539.759229954245,208538.44380333414,-2812.100865983396,198
relaxed,dwp_incremental,36,1.2589824199676514,203455.44525704984,4998.156839740259,208538.44380333315,-2376.038770708421,202
relaxed,dwp_incremental,37,1.2943286895751953,203455.44525704984,4998.156839740259,208538.4438033334,-2757.338963401191,206
relaxed,dwp_incremental,38,1.3290154933929443,203455.44525704984,4998.156839740259,208538.44380333327,-3429.4299674246504,211
relaxed,dwp_incremental,39,1.3630025386810303,203455.44525704984,4998.156839740259,208538.4438033334,-3344.589538496638,215
relaxed,dwp_incremental,40,1.3983333110809326,203858.9271684253,4594.67492836481,208538.44380333356,-2083.2921625057807,218
relaxed,dwp_incremental,41,1.4321978092193604,204849.2255786385,3604.3765181516064,208538.4438033341,-1701.2822675373682,221
relaxed,dwp_incremental,42,1.4670803546905518,204849.2255786385,3604.3765181516064,208538.4438033333,-3125.748993934344,225
relaxed,dwp_incremental,43,1.5033929347991943,204849.2255786385,3604.3765181516064,208538.44380333408,-2648.223638557667,229
relaxed,dwp_incremental,44,1.5373930931091309,205285.51871162088,3168.083385169215,208538.44380333473,-1582.6324943822854,233
relaxed,dwp_incremental,45,1.5711753368377686,206073.02340944164,2380.5786873484612,208538.44380333327,-1198.9448563440799,236
relaxed,dwp_incremental,46,1.6069796085357666,206073.02340944164,2380.5786873484612,208538.4438033333,-1568.7920099966223,239
relaxed,dwp_incremental,47,1.6466190814971924,206313.9767267392,2139.625370050897,208538.44380333318,-1034.6388101876526,242
relaxed,dwp_incremental,48,1.6859772205352783,206313.9767267392,2139.625370050897,208538.44380333318,-1182.9183410084245,245
relaxed,dwp_incremental,49,1.7207329273223877,206596.60094021968,1857.001156570419,208538.4438033331,-902.9800956066097,248
relaxed,dwp_incremental,50,1.7548120021820068,206659.83280810513,1793.769288684969,208538.44380333333,-904.1512612777053,251
relaxed,dwp_incremental,51,1.7899057865142822,206659.83280810513,1793.769288684969,208538.44380333333,-1436.8569162118893,254
relaxed,dwp_incremental,52,1.8243958950042725,206725.67464946344,1727.927447326656,208538.4438033333,-836.7772183085023,257
relaxed,dwp_incremental,53,1.8579447269439697,206725.67464946344,1727.927447326656,208538.4438033334,-1908.733008756961,260
relaxed,dwp_incremental,54,1.893826961517334,206725.67464946344,1727.927447326656,208538.4438033332,-1415.8021232590754,263
relaxed,dwp_incremental,55,1.9333713054656982,206725.67464946344,1727.927447326656,208538.4438033334,-1776.227457999513,267
relaxed,dwp_incremental,56,1.970503807067871,206725.67464946344,1727.927447326656,208538.44380333324,-1091.4586554404382,270
relaxed,dwp_incremental,57,2.0097742080688477,206844.35875287643,1609.2433439136657,208538.44380333356,-820.004240653573,273
relaxed,dwp_incremental,58,2.0468027591705322,206844.35875287643,1609.2433439136657,208538.4438033333,-1159.2115435913897,276
relaxed,dwp_incremental,59,2.082674503326416,206844.35875287643,1609.2433439136657,208538.44380333312,-1270.0828661663236,279
relaxed,dwp_incremental,60,2.1196048259735107,206844.35875287643,1609.2433439136657,208538.4438033332,-1049.4441177517494,282
relaxed,dwp_incremental,61,2.156899929046631,206844.35875287643,1609.2433439136657,208538.44380333327,-867.8710757390566,285
relaxed,dwp_incremental,62,2.1954946517944336,206844.35875287643,1609.2433439136657,208538.44380333327,-807.6715741901601,288
relaxed,dwp_incremental,63,2.233268976211548,206962.40413142086,1491.1979653692397,208538.44380333327,-625.0012506085559,291
relaxed,dwp_incremental,64,2.271707057952881,207622.58209746287,831.0199993272254,208538.4438033333,-450.05975975981255,294
relaxed,dwp_incremental,65,2.3109889030456543,207622.58209746287,831.0199993272254,208538.4438033333,-551.4100767828168,297
relaxed,dwp_incremental,66,2.3503482341766357,207622.58209746287,831.0199993272254,208538.44380333312,-403.3505055933713,300
relaxed,dwp_incremental,67,2.3906657695770264,207622.58209746287,831.0199993272254,208538.44380333342,-1002.700770051247,303
relaxed,dwp_incremental,68,2.429119110107422,207622.58209746287,831.0199993272254,208538.44380333327,-790.2208582561457,306
relaxed,dwp_incremental,69,2.464158296585083,207622.58209746287,831.0199993272254,208538.4438033332,-976.4652820155743,309
relaxed,dwp_incremental,70,2.5002083778381348,207622.58209746287,831.0199993272254,208536.36797758547,-705.3665917090298,312
relaxed,dwp_incremental,71,2.5371639728546143,207622.58209746287,831.0199993272254,208536.0450221597,-672.859314948417,315
relaxed,dwp_incremental,72,2.574162244796753,207670.93008499427,782.6720117958321,208535.0237990399,-401.8310490187339,318
relaxed,dwp_incremental,73,2.616635799407959,207670.93008499427,782.6720117958321,208533.643130993,-452.7877657891113,321
relaxed,dwp_incremental,74,2.6559860706329346,207670.93008499427,782.6720117958321,208532.93539271824,-438.37448851700947,324
relaxed,dwp_incremental,75,2.6950409412384033,207670.93008499427,782.6720117958321,208531.30626256767,-435.95165829711186,327
relaxed,dwp_incremental,76,2.733046054840088,207715.2547880441,738.3473087459861,208530.81342228004,-398.6529848421171,330
relaxed,dwp_incremental,77,2.7700750827789307,207782.47450475587,671.1275920342305,208530.09498039138,-354.63215944859735,333
relaxed,dwp_incremental,78,2.80591082572937,207782.47450475587,671.1275920342305,208529.60638042484,-659.7606335670384,336
relaxed,dwp_incremental,79,2.8421287536621094,207782.47450475587,671.1275920342305,208529.25904097682,-352.9117546172283,339
relaxed,dwp_incremental,80,2.880493402481079,207782.47450475587,671.1275920342305,208528.93906239336,-460.56011155176225,342
relaxed,dwp_incremental,81,2.918309211730957,207782.47450475587,671.1275920342305,208528.59514961354,-387.43265962053044,345
relaxed,dwp_incremental,82,2.9565436840057373,207893.70646353564,559.8956332544622,208527.88078704607,-304.5420641740968,348
relaxed,dwp_incremental,83,2.995572566986084,207893.70646353564,559.8956332544622,208526.906532855,-503.3520964697665,351
relaxed,dwp_incremental,84,3.0334086418151855,207893.70646353564,559.8956332544622,208526.01166732356,-325.1701130875881,353
relaxed,dwp_incremental,85,3.070148468017578,207893.70646353564,559.8956332544622,208525.14585950645,-329.4790889409044,355
relaxed,dwp_incremental,86,3.107185125350952,207893.70646353564,559.8956332544622,208524.8054205779,-424.63524080823186,358
relaxed,dwp_incremental,87,3.1460421085357666,207893.70646353564,559.8956332544622,208524.03973910722,-371.41731568943896,361
relaxed,dwp_incremental,88,3.187861680984497,207893.70646353564,559.8956332544622,208523.34812756622,-380.2830314840751,364
relaxed,dwp_incremental,89,3.225217580795288,207893.70646353564,559.8956332544622,208522.43488911807,-396.77283146956756,367
relaxed,dwp_incremental,90,3.2642829418182373,207893.70646353564,559.8956332544622,208521.68181498384,-404.1048540143381,369
relaxed,dwp_incremental,91,3.3033552169799805,207893.70646353564,559.8956332544622,208520.994061763,-355.82738042763253,371
relaxed,dwp_incremental,92,3.3415374755859375,207893.70646353564,559.8956332544622,208520.34745352188,-331.77974281034585,373
relaxed,dwp_incremental,93,3.3842592239379883,208131.53136004737,322.07073674272397,208519.54292522374,-194.00578258817916,375
relaxed,dwp_incremental,94,3.421057939529419,208131.53136004737,322.07073674272397,208517.872159173,-266.52727649275516,377
relaxed,dwp_incremental,95,3.457468032836914,208131.53136004737,322.07073674272397,208515.62573011772,-270.6773691703511,379
relaxed,dwp_incremental,96,3.495006561279297,208156.08274657332,297.5193502167822,208513.73977477118,-178.828514098926,381
relaxed,dwp_incremental,97,3.5387964248657227,208156.08274657332,297.5193502167822,208512.0933112177,-302.7130134227118,384
relaxed,dwp_incremental,98,3.5780317783355713,208156.08274657332,297.5193502167822,208511.56394374446,-352.8018184671255,386
relaxed,dwp_incremental,99,3.614842414855957,208156.08274657332,297.5193502167822,208509.99246248996,-191.76733648252377,388
relaxed,dwp_incremental,100,3.6527628898620605,208156.08274657332,297.5193502167822,208506.72505698304,-288.40741850723293,390
relaxed,dwp_incremental,101,3.6900148391723633,208156.08274657332,297.5193502167822,208505.2323987494,-244.92099655931906,393
relaxed,dwp_incremental,102,3.727238178253174,208156.08274657332,297.5193502167822,208504.1672458254,-238.7363548199096,395
relaxed,dwp_incremental,103,3.766080617904663,208156.08274657332,297.5193502167822,208502.08432354857,-264.0161843722692,397
relaxed,dwp_incremental,104,3.805088520050049,208156.08274657332,297.5193502167822,208500.86835430103,-243.05882178342063,399
relaxed,dwp_incremental,105,3.847459554672241,208156.08274657332,297.5193502167822,208500.69594992208,-205.23702613496494,401
relaxed,dwp_incremental,106,3.8877649307250977,208187.2512207394,266.3508760507102,208500.64470543768,-151.31709949200877,404
relaxed,dwp_incremental,107,3.925610065460205,208187.2512207394,266.3508760507102,208500.50759319527,-323.63673198389415,407
relaxed,dwp_incremental,108,3.9623866081237793,208187.2512207394,266.3508760507102,208500.3910328075,-168.50648334056575,409
relaxed,dwp_incremental,109,3.999070644378662,208187.2512207394,266.3508760507102,208500.3560086398,-259.05107525442384,411
relaxed,dwp_incremental,110,4.0394017696380615,208187.2512207394,266.3508760507102,208500.32082292956,-198.10944980245813,413
relaxed,dwp_incremental,111,4.0775063037872314,208187.2512207394,266.3508760507102,208500.27697594746,-167.499206353045,415
relaxed,dwp_incremental,112,4.114744186401367,208219.74810686483,233.8539899252646,208500.17321263844,-140.2125528867939,417
relaxed,dwp_incremental,113,4.151069164276123,208220.7014709005,232.900625889597,208499.57589192208,-139.4372105107998,419
relaxed,dwp_incremental,114,4.19299840927124,208220.7014709005,232.900625889597,208499.2590668384,-142.91899124094698,421
relaxed,dwp_incremental,115,4.234665155410767,208220.7014709005,232.900625889597,208497.8540066309,-165.13748253423773,423
relaxed,dwp_incremental,116,4.272614240646362,208220.7014709005,232.900625889597,208496.50257567916,-150.99189943990893,425
relaxed,dwp_incremental,117,4.3120105266571045,208220.7014709005,232.900625889597,208495.65486698554,-168.4604223061309,427
relaxed,dwp_incremental,118,4.351621866226196,208250.61240871873,202.98968807136407,208495.49086948566,-122.43923038345713,429
relaxed,dwp_incremental,119,4.388849973678589,208250.61240871873,202.98968807136407,208495.0157699815,-172.36894982652393,431
relaxed,dwp_incremental,120,4.428640842437744,208250.61240871873,202.98968807136407,208494.7182420742,-178.22511562735758,433
relaxed,dwp_incremental,121,4.466776132583618,208288.01523325252,165.58686353758094,208494.5089818969,-103.24687432219866,435
relaxed,dwp_incremental,122,4.50469446182251,208288.01523325252,165.58686353758094,208494.288102921,-160.53944008266558,437
relaxed,dwp_incremental,123,4.544633626937866,208339.53095834976,114.07113844034029,208494.23733872583,-77.3531901880358,439
relaxed,dwp_incremental,124,4.58247184753418,208339.53095834976,114.07113844034029,208494.20241924236,-105.18645661921778,441
relaxed,dwp_incremental,125,4.619350433349609,208339.53095834976,114.07113844034029,208494.19633176157,-91.41246768861151,443
relaxed,dwp_incremental,126,4.656285762786865,208339.53095834976,114.07113844034029,208493.96604058996,-90.96792035234876,445
relaxed,dwp_incremental,127,4.69339656829834,208339.53095834976,114.07113844034029,208493.2427526674,-156.3897854015804,447
relaxed,dwp_incremental,128,4.730262756347656,208339.53095834976,114.07113844034029,208491.28708356415,-95.90985962281297,449
relaxed,dwp_incremental,129,4.767515182495117,208339.53095834976,114.07113844034029,208489.60642257452,-128.90130110426662,451
relaxed,dwp_incremental,130,4.806631565093994,208339.53095834976,114.07113844034029,208487.56864043593,-194.629392842009,453
relaxed,dwp_incremental,131,4.843823432922363,208339.53095834976,114.07113844034029,208482.25637944494,-118.46584921127305,455
relaxed,dwp_incremental,132,4.882225751876831,208339.53095834976,114.07113844034029,208478.56193983604,-112.14016228114997,457
relaxed,dwp_incremental,133,4.9200074672698975,208339.53095834976,114.07113844034029,208476.27447050516,-90.20940948429666,459
relaxed,dwp_incremental,134,4.958955526351929,208339.53095834976,114.07113844034029,208473.97441468228,-172.42137860780713,461
relaxed,dwp_incremental,135,4.996712684631348,208339.53095834976,114.07113844034029,208472.74132290113,-143.53601106729093,463
relaxed,dwp_incremental,136,5.035359144210815,208339.53095834976,114.07113844034029,208469.92420583536,-95.20778037994569,465
relaxed,dwp_incremental,137,5.07605242729187,208339.53095834976,114.07113844034029,208467.22182462888,-128.02155625410637,467
relaxed,dwp_incremental,138,5.1181535720825195,208339.53095834976,114.07113844034029,208466.9903651342,-103.47514959000841,469
relaxed,dwp_incremental,139,5.157723665237427,208339.53095834976,114.07113844034029,208466.59885649246,-65.65997399524213,471
relaxed,dwp_incremental,140,5.198273420333862,208339.53095834976,114.07113844034029,208466.20032313667,-86.84874214270849,473
relaxed,dwp_incremental,141,5.237987756729126,208339.53095834976,114.07113844034029,208465.8279419054,-70.50595523643756,475
relaxed,dwp_incremental,142,5.277928352355957,208339.53095834976,114.07113844034029,208465.03494224197,-140.82015544953515,477
relaxed,dwp_incremental,143,5.31704568862915,208339.53095834976,114.07113844034029,208463.0053909345,-90.4298786926197,479
relaxed,dwp_incremental,144,5.357646942138672,208339.53095834976,114.07113844034029,208461.9346531252,-65.40812558567904,481
relaxed,dwp_incremental,145,5.399655818939209,208339.53095834976,114.07113844034029,208460.74240591755,-101.08808233131003,483
relaxed,dwp_incremental,146,5.439722299575806,208354.4499456748,99.15215111529687,208459.59780623778,-52.57393028148522,485
relaxed,dwp_incremental,147,5.4769606590271,208354.4499456748,99.15215111529687,208459.35518189287,-69.87377947941809,487
relaxed,dwp_incremental,148,5.517444610595703,208369.68458221137,83.91751457873033,208458.38659007804,-44.35100393333619,489
relaxed,dwp_incremental,149,5.555979251861572,208369.68458221137,83.91751457873033,208457.3061123274,-62.43691000468118,491
relaxed,dwp_incremental,150,5.594881296157837,208369.68458221137,83.91751457873033,208456.4870945768,-79.68417116203727,493
relaxed,dwp_incremental,151,5.634360074996948,208379.4462063835,74.15589040660416,208456.02978586388,-38.291789740186005,495
relaxed,dwp_incremental,152,5.672339916229248,208379.4462063835,74.15589040660416,208455.69016378673,-46.225580568219016,497
relaxed,dwp_incremental,153,5.711932182312012,208379.4462063835,74.15589040660416,208455.08561462074,-38.458913842972606,499
relaxed,dwp_incremental,154,5.750614404678345,208399.70511986126,53.89697692883783,208454.90050105282,-27.59769059577195,501
relaxed,dwp_incremental,155,5.791394472122192,208399.70511986126,53.89697692883783,208454.59887389766,-34.63698960989905,503
relaxed,dwp_incremental,156,5.830536842346191,208416.40403095057,37.19806583953323,208454.5532053177,-19.074587183560652,505
relaxed,dwp_incremental,157,5.868679523468018,208416.40403095057,37.19806583953323,208454.32881912068,-22.069645124824547,507
relaxed,dwp_incremental,158,5.906996250152588,208427.5136298633,26.08846692679799,208454.14320913964,-13.314789638157663,509
relaxed,dwp_incremental,159,5.947521924972534,208428.43962455905,25.16247223105165,208453.82696670538,-12.693671073162704,511
relaxed,dwp_incremental,160,5.985329866409302,208439.1500891831,14.452007607003907,208453.76722208303,-7.3085664499656104,513
relaxed,dwp_incremental,161,6.024019718170166,208441.5383698171,12.0637269729923,208453.74440657833,-6.103018380616504,515
relaxed,dwp_incremental,162,6.0630042552948,208441.5383698171,12.0637269729923,208453.65883376045,-26.144612931212578,517
relaxed,dwp_incremental,163,6.100908279418945,208453.6020723809,2.4409207981079817e-05,208453.60207238092,-1.4551915228366852e-11,517
