method,iteration,elapsed_s,objective,gap_to_exact,trace,upper_bound,rel_gap,rmp_obj,min_reduced_cost,columns
level,1,0.02986741065979004,1943.1731172173952,177897.76495035345,best_level_dual,1162312.848201565,0.9983281840855291,,,
level,2,0.09109091758728027,157285.09652194427,22555.84154562658,best_level_dual,490983.38119222515,0.6796529117950624,,,
level,3,0.15091896057128906,157285.09652194427,22555.84154562658,best_level_dual,322267.6569467881,0.5119426565728414,,,
level,4,0.21522092819213867,159578.35892232874,20262.57914524211,best_level_dual,280462.21950552484,0.4310165582955276,,,
level,5,0.2819206714630127,166194.8088096365,13646.129257934343,best_level_dual,255415.29547076562,0.3493153630313464,,,
level,6,0.35081005096435547,174673.67978120781,5167.258286363038,best_level_dual,238293.78296251944,0.26698180032383917,,,
level,7,0.4233553409576416,174673.67978120781,5167.258286363038,best_level_dual,220378.68111372573,0.2073930250491516,,,
level,8,0.4986741542816162,174673.67978120781,5167.258286363038,best_level_dual,213341.87854668518,0.1812499216229395,,,
level,9,0.5773968696594238,174673.67978120781,5167.258286363038,best_level_dual,210077.74503581238,0.16852839527846777,,,
level,10,0.6650407314300537,174673.67978120781,5167.258286363038,best_level_dual,202425.89389285046,0.1370981428212571,,,
level,11,0.7529284954071045,175893.7901813679,3947.1478862029617,best_level_dual,195392.87547830184,0.09979424914650636,,,
level,12,0.8450014591217041,176917.15265371016,2923.7854138606926,best_level_dual,195369.29671782115,0.09444751234766477,,,
level,13,0.9651544094085693,176917.15265371016,2923.7854138606926,best_level_dual,194933.67162234135,0.09242384252391171,,,
level,14,1.1385612487792969,177761.58674929338,2079.351318277477,best_level_dual,194148.59232377747,0.08440445216906767,,,
level,15,1.2587223052978516,177761.58674929338,2079.351318277477,best_level_dual,192351.24104475672,0.0758490260640876,,,
level,16,1.3993730545043945,178184.42790871247,1656.5101588583784,best_level_dual,190863.2027212576,0.06642859719304615,,,
level,17,1.5048363208770752,178184.42790871247,1656.5101588583784,best_level_dual,188769.35529352442,0.05607333546461,,,
level,18,1.6249971389770508,178184.42790871247,1656.5101588583784,best_level_dual,186867.36257226637,0.04646576343793574,,,
level,19,1.740772008895874,178184.42790871247,1656.5101588583784,best_level_dual,186557.81856789664,0.04488362226500155,,,
level,20,1.8609635829925537,178765.93694956132,1075.0011180095316,best_level_dual,186195.7494784364,0.03990323382615956,,,
level,21,1.9820168018341064,178765.93694956132,1075.0011180095316,best_level_dual,185771.1832325511,0.03770900395364603,,,
level,22,2.1120097637176514,179024.00617719613,816.9318903747189,best_level_dual,185420.95975481597,0.03449962499427567,,,
level,23,2.2483739852905273,179024.00617719613,816.9318903747189,best_level_dual,183768.062724902,0.025815457143974197,,,
level,24,2.427652359008789,179024.00617719613,816.9318903747189,best_level_dual,183555.07257361474,0.02468505137389448,,,
level,25,2.595346212387085,179085.33679756502,755.6012700058345,best_level_dual,182929.82426861188,0.021016187417321627,,,
level,26,2.756032705307007,179291.94683451703,548.9912330538209,best_level_dual,182929.82426861182,0.019886737707422563,,,
level,27,2.9105582237243652,179291.94683451703,548.9912330538209,best_level_dual,181728.71512213952,0.01340882361923232,,,
level,28,3.078508138656616,179355.10757907518,485.8304884956742,best_level_dual,181728.71512213943,0.013061268503818762,,,
level,29,3.252450704574585,179522.6760100223,318.26205754856346,best_level_dual,181337.4272939167,0.01000759363897344,,,
level,30,3.4196853637695312,179522.6760100223,318.26205754856346,best_level_dual,181197.98688994942,0.009245747751847975,,,
level,31,3.590644121170044,179522.6760100223,318.26205754856346,best_level_dual,180955.9775415334,0.007920719453338438,,,
level,32,3.77854585647583,179601.16569002075,239.7723775501072,best_level_dual,180955.9775415334,0.007486969316621119,,,
level,33,3.970651626586914,179601.16569002075,239.7723775501072,best_level_dual,180930.37489660695,0.007346523254294854,,,
level,34,4.160918235778809,179601.16569002075,239.7723775501072,best_level_dual,180765.3540718501,0.006440329164883105,,,
level,35,4.389653205871582,179615.81823965523,225.11982791562332,best_level_dual,180431.72165047712,0.00452195103698238,,,
level,36,4.600142955780029,179698.1095049197,142.8285626511497,best_level_dual,180427.87005746659,0.004044611025527556,,,
level,37,4.823437452316284,179698.1095049197,142.8285626511497,best_level_dual,180427.22324568554,0.004041040634832659,,,
level,38,5.029901742935181,179698.1095049197,142.8285626511497,best_level_dual,180260.1084306469,0.0031177110155985116,,,
level,39,5.254319667816162,179698.1095049197,142.8285626511497,best_level_dual,180260.10843064674,0.003117711015597546,,,
level,40,5.476783037185669,179744.12053257416,96.81753499669139,best_level_dual,180253.7618602135,0.0028273547380085707,,,
level,41,5.691406488418579,179744.12053257416,96.81753499669139,best_level_dual,180129.87020602444,0.0021415086404552182,,,
level,42,5.928178310394287,179744.12053257416,96.81753499669139,best_level_dual,180101.77152461215,0.001985827174326905,,,
level,43,6.1531829833984375,179744.12053257416,96.81753499669139,best_level_dual,180039.54373117618,0.0016408795116873006,,,
level,44,6.384993553161621,179744.12053257416,96.81753499669139,best_level_dual,180039.54373117615,0.0016408795116871393,,,
level,45,6.649527311325073,179756.50519379304,84.43287377781235,best_level_dual,180039.54373117615,0.001572090950228824,,,
level,46,6.896665096282959,179756.50519379304,84.43287377781235,best_level_dual,180035.64672706576,0.0015504792431239916,,,
level,47,7.159505844116211,179764.63261626326,76.30545130759128,best_level_dual,180035.64672706576,0.0015053358361489149,,,
level,48,7.4399497509002686,179764.63261626326,76.30545130759128,best_level_dual,180005.5227711226,0.0013382375782193888,,,
level,49,7.707336664199829,179766.91367170968,74.02439586116816,best_level_dual,179975.0771010084,0.0011566236428497288,,,
level,50,7.976686477661133,179766.91367170968,74.02439586116816,best_level_dual,179952.10228996683,0.001029099498702951,,,
level,51,8.237729549407959,179778.42230957394,62.51575799690909,best_level_dual,179951.71741288927,0.0009630088881991949,,,
level,52,8.497459650039673,179778.42230957394,62.51575799690909,best_level_dual,179942.51384132612,0.0009119108555795135,,,
level,53,8.765792608261108,179778.42230957394,62.51575799690909,best_level_dual,179941.9351234994,0.0009086976519021453,,,
level,54,9.04379916191101,179778.42230957394,62.51575799690909,best_level_dual,179939.82774110942,0.0008969966991837811,,,
level,55,9.335062980651855,179778.42230957394,62.51575799690909,best_level_dual,179939.8277411093,0.0008969966991831348,,,
level,56,9.648982048034668,179778.42230957394,62.51575799690909,best_level_dual,179939.3856065203,0.0008945417725186358,,,
level,57,9.950627565383911,179778.42230957394,62.51575799690909,best_level_dual,179939.3856065203,0.0008945417725186358,,,
level,58,10.235661745071411,179778.42230957394,62.51575799690909,best_level_dual,179937.32546307598,0.0008831027864457217,,,
level,59,10.55463719367981,179778.42230957394,62.51575799690909,best_level_dual,179936.600147075,0.0008790753930648749,,,
level,60,10.891660928726196,179794.10110440644,46.836963164416375,best_level_dual,179934.6835246224,0.0007812969543291728,,,
level,61,11.193383932113647,179794.10110440644,46.836963164416375,best_level_dual,179923.79497909066,0.0007208266960981601,,,
level,62,11.572151899337769,179794.10110440644,46.836963164416375,best_level_dual,179923.7949790906,0.0007208266960978369,,,
level,63,11.878119945526123,179797.27644477965,43.66162279120181,best_level_dual,179923.7949790906,0.0007031784446612573,,,
level,64,12.20975399017334,179797.27644477965,43.66162279120181,best_level_dual,179923.7949790905,0.0007031784446607724,,,
level,65,12.538484334945679,179797.27644477965,43.66162279120181,best_level_dual,179919.5531901009,0.000679618991672695,,,
level,66,12.870560646057129,179797.27644477965,43.66162279120181,best_level_dual,179919.55319010088,0.0006796189916725334,,,
level,67,13.170702695846558,179798.83859552932,42.09947204153286,best_level_dual,179917.51683367972,0.0006596258120887189,,,
level,68,13.464150190353394,179798.83859552932,42.09947204153286,best_level_dual,179901.08810158854,0.0005683651340756746,,,
level,69,13.817785739898682,179801.49943133115,39.438636239705374,best_level_dual,179895.10059199814,0.0005203096713527511,,,
level,70,14.139374017715454,179808.72824368777,32.20982388308039,best_level_dual,179895.10059199814,0.0004801261847939931,,,
level,71,14.443498134613037,179808.72824368777,32.20982388308039,best_level_dual,179888.84703219344,0.00044537940971589666,,,
level,72,14.781712770462036,179808.72824368777,32.20982388308039,best_level_dual,179888.84703219344,0.00044537940971589666,,,
level,73,15.088233232498169,179811.18701902166,29.75104854919482,best_level_dual,179888.75988203145,0.0004312268485293834,,,
level,74,15.38367486000061,179811.18701902166,29.75104854919482,best_level_dual,179880.85214782914,0.0003872848498084002,,,
level,75,15.761709213256836,179811.18701902166,29.75104854919482,best_level_dual,179880.54568476343,0.0003855818064023768,,,
level,76,16.169239044189453,179813.1792412909,27.75882627995452,best_level_dual,179877.61492874284,0.0003582196010185549,,,
level,77,16.569954872131348,179813.1792412909,27.75882627995452,best_level_dual,179876.9393202016,0.00035446499785727877,,,
level,78,16.90904211997986,179813.1792412909,27.75882627995452,best_level_dual,179876.79000780993,0.00035363521061429774,,,
level,79,17.27271556854248,179813.7663317196,27.171735851239646,best_level_dual,179871.09474884713,0.00031871945410441143,,,
level,80,17.668230772018433,179815.14862026126,25.789447309594834,best_level_dual,179870.31360881435,0.00030669312487588825,,,
level,81,18.00962209701538,179815.14862026126,25.789447309594834,best_level_dual,179870.28990925456,0.00030656140611724775,,,
level,82,18.40119695663452,179817.18515695375,23.752910617098678,best_level_dual,179870.06513050882,0.00029398985048847775,,,
level,83,18.74741005897522,179817.64418762378,23.293879947072128,best_level_dual,179869.58633897384,0.000288776732116172,,,
level,84,19.101857900619507,179818.92770404278,22.01036352806841,best_level_dual,179869.57000493127,0.0002815501303922622,,,
level,85,19.536166429519653,179820.13800423383,20.800063337024767,best_level_dual,179869.57000493127,0.00027482136470382217,,,
level,86,19.915441274642944,179821.42020116662,19.517866404232336,best_level_dual,179869.4401860719,0.0002669713368519521,,,
level,87,20.298758268356323,179823.55998822168,17.378079349175096,best_level_dual,179869.35783633415,0.0002546172881439088,,,
level,88,20.65496587753296,179827.34493036842,13.593137202435173,best_level_dual,179869.34960047566,0.00023352878186607586,,,
level,89,21.033488750457764,179827.34493036842,13.593137202435173,best_level_dual,179869.3496004756,0.0002335287818657523,,,
level,90,21.477784872055054,179828.19987527403,12.738192296819761,best_level_dual,179868.60775032383,0.00022465218114042098,,,
level,91,22.007027864456177,179829.10541337528,11.832654195575742,best_level_dual,179867.56815092318,0.00021383920371698025,,,
level,92,22.38787865638733,179830.39094196487,10.547125605982728,best_level_dual,179864.559709031,0.00018996942544653982,,,
level,93,22.79743719100952,179830.39094196487,10.547125605982728,best_level_dual,179863.59983004114,0.0001846337341610811,,,
level,94,23.220118284225464,179830.39094196487,10.547125605982728,best_level_dual,179861.25234829413,0.00017158451821240885,,,
level,95,23.740093231201172,179830.39094196487,10.547125605982728,best_level_dual,179860.83513313308,0.00016926526080940913,,,
level,96,24.144766092300415,179830.39094196487,10.547125605982728,best_level_dual,179857.9022211214,0.00015296119223438888,,,
level,97,24.594777822494507,179830.39094196487,10.547125605982728,best_level_dual,179857.59438122,0.00015124987826462937,,,
level,98,25.032609701156616,179830.39094196487,10.547125605982728,best_level_dual,179855.44535208636,0.00013930303901805278,,,
level,99,25.444363355636597,179830.39094196487,10.547125605982728,best_level_dual,179854.36680898772,0.0001333071164644605,,,
level,100,25.847683668136597,179830.39094196487,10.547125605982728,best_level_dual,179853.21791401136,0.0001269200090565093,,,
level,101,26.254512310028076,179830.39094196487,10.547125605982728,best_level_dual,179852.64081447915,0.0001237116809267797,,,
level,102,26.676706075668335,179830.39094196487,10.547125605982728,best_level_dual,179850.89667930835,0.00011401520771979598,,,
level,103,27.092638731002808,179830.39094196487,10.547125605982728,best_level_dual,179850.07923189798,0.00010947056580233335,,,
level,104,27.507662057876587,179830.39094196487,10.547125605982728,best_level_dual,179848.12857350137,9.862561082612111e-05,,,
dwp,1,0.08498239517211914,-226558.4935595712,406399.431627142,best_certified_dual,,,182577.73840115298,-119302.48563268429,16
dwp,2,0.20400118827819824,-226558.4935595712,406399.431627142,best_certified_dual,,,182577.73840115243,-158114.5752162498,22
dwp,3,0.3411099910736084,-207355.6848892995,387196.62295687036,best_certified_dual,,,182577.73840115336,-127920.59938342687,28
dwp,4,0.5098474025726318,-105012.6305091581,284853.5685767289,best_certified_dual,,,182577.73840115292,-97677.34144707465,34
dwp,5,0.7130999565124512,-36612.64370048448,216453.58176805533,best_certified_dual,,,182577.73840115292,-73270.38288572592,40
dwp,6,0.9330096244812012,-25161.12236352128,205002.06043109213,best_certified_dual,,,182577.73840115295,-74099.5069180185,46
dwp,7,1.1775457859039307,52708.206187217205,127132.73188035365,best_certified_dual,,,182577.73840115304,-53687.90717583246,52
dwp,8,1.4489960670471191,52708.206187217205,127132.73188035365,best_certified_dual,,,182577.73840115333,-56631.48816336828,58
dwp,9,1.8179821968078613,52708.206187217205,127132.73188035365,best_certified_dual,,,182577.73840115286,-73148.29311641482,64
dwp,10,2.1580231189727783,73383.84355652728,106457.09451104357,best_certified_dual,,,182577.73840115286,-47091.75303139177,70
dwp,11,2.529755115509033,80183.20430626265,99657.7337613082,best_certified_dual,,,182577.73840115228,-41461.025115981975,76
dwp,12,2.9221742153167725,80183.20430626265,99657.7337613082,best_certified_dual,,,182577.738401153,-71201.24576846277,82
dwp,13,3.3250086307525635,80183.20430626265,99657.7337613082,best_certified_dual,,,182577.73840115283,-48679.83947003019,88
dwp,14,3.7672741413116455,80183.20430626265,99657.7337613082,best_certified_dual,,,182577.7384011535,-48662.15184475697,94
dwp,15,4.2461957931518555,80183.20430626265,99657.7337613082,best_certified_dual,,,182577.73840115248,-50040.46739158058,100
dwp,16,4.7239062786102295,102295.04537769246,77545.8926898784,best_certified_dual,,,182577.73840115435,-36255.417019185144,105
dwp,17,5.2205915451049805,119683.10242316412,60157.83564440673,best_certified_dual,,,182577.7384011534,-27930.247829680757,110
dwp,18,5.755237102508545,143220.70207063446,36620.23599693639,best_certified_dual,,,182577.73840115318,-17316.010726926936,115
dwp,19,6.303658962249756,143220.70207063446,36620.23599693639,best_certified_dual,,,182577.73840115292,-22848.310895282066,121
dwp,20,6.88424277305603,143220.70207063446,36620.23599693639,best_certified_dual,,,182577.73840115714,-31128.243169649584,127
dwp,21,7.4726481437683105,150098.6579619483,29742.280105622543,best_certified_dual,,,182577.7384011537,-14975.962536051637,132
dwp,22,8.092262268066406,150098.6579619483,29742.280105622543,best_certified_dual,,,182577.73840115452,-28106.735589187505,137
dwp,23,8.755414247512817,150098.6579619483,29742.280105622543,best_certified_dual,,,182577.73840115254,-19835.063861363495,142
dwp,24,9.417867660522461,150098.6579619483,29742.280105622543,best_certified_dual,,,182573.38007644983,-22417.858203449505,147
dwp,25,10.083897352218628,152695.02343864407,27145.91462892678,best_certified_dual,,,182567.90037107098,-13630.975691509228,152
dwp,26,10.78062915802002,161390.9538775243,18449.984190046554,best_certified_dual,,,182567.00839495374,-9285.702622368968,157
dwp,27,11.521990060806274,161390.9538775243,18449.984190046554,best_certified_dual,,,182562.0931886385,-11493.048915235842,162
dwp,28,12.260706186294556,161390.9538775243,18449.984190046554,best_certified_dual,,,182557.85290026027,-13043.816564143932,167
dwp,29,13.014792680740356,171059.28733134808,8781.650736222771,best_certified_dual,,,182554.15115219294,-6325.0693919555415,171
dwp,30,13.788880825042725,171059.28733134808,8781.650736222771,best_certified_dual,,,182553.09210125427,-6332.47057379631,175
dwp,31,14.617170572280884,171059.28733134808,8781.650736222771,best_certified_dual,,,182540.4183287517,-5862.84744290177,179
dwp,32,15.462445735931396,171059.28733134808,8781.650736222771,best_certified_dual,,,182499.66283928955,-5796.372157788355,183
dwp,33,16.30275297164917,172239.89220626283,7601.045861308026,best_certified_dual,,,182473.86218716227,-4500.814436542438,187
dwp,34,17.159639596939087,172239.89220626283,7601.045861308026,best_certified_dual,,,182384.8582779651,-4931.672782441754,191
dwp,35,18.094087600708008,172239.89220626283,7601.045861308026,best_certified_dual,,,182162.77967856257,-4875.3349007216075,196
dwp,36,19.079508781433105,172239.89220626283,7601.045861308026,best_certified_dual,,,181865.63548057526,-4276.661284361366,199
dwp,37,20.116522550582886,173022.15349794214,6818.784569628711,best_certified_dual,,,181682.69194188865,-3614.6046516492497,202
dwp,38,21.13078546524048,173022.15349794214,6818.784569628711,best_certified_dual,,,181598.2043926715,-4287.866002041723,205
dwp,39,22.08098077774048,173022.15349794214,6818.784569628711,best_certified_dual,,,181505.42518600813,-5747.589759494024,209
dwp,40,23.073951244354248,173022.15349794214,6818.784569628711,best_certified_dual,,,181340.2784697561,-4426.143730771953,212
dwp,41,24.045953273773193,173022.15349794214,6818.784569628711,best_certified_dual,,,181277.37389934636,-4210.172737805456,215
dwp,42,25.02112889289856,174583.47429044155,5257.4637771293055,best_certified_dual,,,181227.3855611841,-2946.071667369595,218
dwp,43,26.027718544006348,174583.47429044155,5257.4637771293055,best_certified_dual,,,181137.76305091765,-4273.1144742834995,221
dwp,44,27.035242319107056,175162.04787570456,4678.890191866289,best_certified_dual,,,181073.16628304237,-3350.869633475144,224
dwp,45,28.08342933654785,175162.04787570456,4678.890191866289,best_certified_dual,,,180986.08498348884,-3099.4203148024826,227
dwp,46,29.125832557678223,176679.8392786723,3161.0987888985546,best_certified_dual,,,180817.43438439266,-1740.6130435288067,231
dwp,47,30.164567947387695,176679.8392786723,3161.0987888985546,best_certified_dual,,,180782.0286854867,-1731.9837979815043,234
dwp,48,31.234992504119873,176679.8392786723,3161.0987888985546,best_certified_dual,,,180715.83158796295,-2689.9102561697464,237
dwp,49,32.31290340423584,176679.8392786723,3161.0987888985546,best_certified_dual,,,180599.0824075553,-2082.9923468372235,240
dwp,50,33.37074303627014,177488.90249082854,2352.035576742317,best_certified_dual,,,180546.45279412394,-1358.9992831202896,243
dwp,51,34.46396017074585,177488.90249082854,2352.035576742317,best_certified_dual,,,180477.13920383184,-1667.1102210940517,246
dwp,52,35.570882081985474,178248.55590399622,1592.382163574628,best_certified_dual,,,180413.88229143573,-908.9358473547763,249
dwp,53,36.678881883621216,178248.55590399622,1592.382163574628,best_certified_dual,,,180385.70772618047,-1968.8749803583012,252
dwp,54,37.84767770767212,178248.55590399622,1592.382163574628,best_certified_dual,,,180349.9850948311,-2705.3897462509995,255
dwp,55,38.99058794975281,178248.55590399622,1592.382163574628,best_certified_dual,,,180260.67604233272,-1727.2182900203163,258
dwp,56,40.13670301437378,178248.55590399622,1592.382163574628,best_certified_dual,,,180220.82775975668,-1054.5438905731862,261
dwp,57,41.296929597854614,178248.55590399622,1592.382163574628,best_certified_dual,,,180188.7571018802,-1434.6479752436467,264
dwp,58,42.58453154563904,178248.55590399622,1592.382163574628,best_certified_dual,,,180143.21017866602,-1255.351752651979,267
dwp,59,43.8116409778595,178745.7457906404,1095.1922769304656,best_certified_dual,,,180118.21241242051,-958.4172405619443,270
dwp,60,45.03976535797119,178882.83616672773,958.1019008431176,best_certified_dual,,,180097.35161013246,-734.8945313033682,273
dwp,61,46.29108166694641,178882.83616672773,958.1019008431176,best_certified_dual,,,180071.86413760393,-1073.6903378602476,276
dwp,62,47.53721618652344,179162.85883042187,678.0792371489806,best_certified_dual,,,180069.57475891284,-547.7485498767431,279
dwp,63,48.80449938774109,179162.85883042187,678.0792371489806,best_certified_dual,,,180062.875097167,-741.942489520508,282
dwp,64,50.06440758705139,179162.85883042187,678.0792371489806,best_certified_dual,,,180047.47799065144,-801.5374409341637,285
dwp,65,51.301759243011475,179260.4813370559,580.4567305149394,best_certified_dual,,,180036.25367364686,-493.7913869515421,288
dwp,66,52.57420325279236,179357.82874556904,483.1093220018083,best_certified_dual,,,180032.51043484127,-500.69859975882184,291
dwp,67,53.842368841171265,179357.82874556904,483.1093220018083,best_certified_dual,,,180025.05060812237,-591.5221102165353,294
dwp,68,55.168277978897095,179357.82874556904,483.1093220018083,best_certified_dual,,,180009.18939655862,-635.2205994402254,297
dwp,69,56.48378920555115,179357.82874556904,483.1093220018083,best_certified_dual,,,180001.84759597792,-394.4811808578577,300
dwp,70,57.82322144508362,179366.67918271385,474.25888485700125,best_certified_dual,,,179983.74382806016,-409.0181346832387,303
dwp,71,59.17451238632202,179490.9468323272,349.9912352436513,best_certified_dual,,,179973.47324430165,-300.99288124898294,306
dwp,72,60.55222010612488,179490.9468323272,349.9912352436513,best_certified_dual,,,179958.2020440394,-277.87624698681464,309
dwp,73,61.92876863479614,179490.9468323272,349.9912352436513,best_certified_dual,,,179949.63938066905,-396.74074006678484,312
dwp,74,63.31263494491577,179490.9468323272,349.9912352436513,best_certified_dual,,,179938.3341668402,-273.1846008212714,315
dwp,75,64.69050693511963,179551.83858642116,289.099481149693,best_certified_dual,,,179936.6622164976,-238.50421839503247,318
dwp,76,66.10780072212219,179551.83858642116,289.099481149693,best_certified_dual,,,179926.2503485887,-243.9762369615803,321
dwp,77,67.51160955429077,179551.83858642116,289.099481149693,best_certified_dual,,,179912.0523804364,-335.1343750521071,324
dwp,78,68.93668389320374,179564.42391146184,276.51415610901313,best_certified_dual,,,179910.76663303695,-186.64646595657518,327
dwp,79,70.37081050872803,179564.42391146184,276.51415610901313,best_certified_dual,,,179902.1296713272,-185.541854553966,330
dwp,80,71.8224663734436,179564.42391146184,276.51415610901313,best_certified_dual,,,179901.49115203455,-277.83563203381937,333
dwp,81,73.26787424087524,179597.2696664138,243.6684011570469,best_certified_dual,,,179898.40336612152,-163.2982604048184,336
dwp,82,74.7367262840271,179597.2696664138,243.6684011570469,best_certified_dual,,,179897.00963507206,-274.83908734975887,339
dwp,83,76.23287653923035,179641.0725156022,199.8655519686581,best_certified_dual,,,179895.1988753713,-156.49146846657902,342
dwp,84,77.76709938049316,179673.3202941913,167.61777337954845,best_certified_dual,,,179890.49265906675,-111.267612638733,345
dwp,85,79.30049920082092,179692.2035751783,148.73449239254114,best_certified_dual,,,179879.07885193193,-130.7382919180567,348
dwp,86,80.8648145198822,179699.66683990535,141.27122766550747,best_certified_dual,,,179878.6711162411,-124.69135947232485,351
dwp,87,82.41584348678589,179740.0583727882,100.87969478266314,best_certified_dual,,,179875.83990403134,-93.13753791651777,354
dwp,88,84.02853631973267,179740.0583727882,100.87969478266314,best_certified_dual,,,179874.06591155843,-123.66707673886185,357
dwp,89,85.61998176574707,179740.0583727882,100.87969478266314,best_certified_dual,,,179866.8189248808,-121.53237851427707,360
dwp,90,87.25330400466919,179740.0583727882,100.87969478266314,best_certified_dual,,,179864.1793027889,-151.12398621225088,363
dwp,91,88.90887260437012,179740.0583727882,100.87969478266314,best_certified_dual,,,179862.08293859937,-138.41306051381775,366
dwp,92,90.61014246940613,179740.0583727882,100.87969478266314,best_certified_dual,,,179859.4721938467,-125.38664238321894,369
dwp,93,92.28730201721191,179740.0583727882,100.87969478266314,best_certified_dual,,,179856.6140280642,-115.65715295099676,372
dwp,94,93.96182918548584,179740.0583727882,100.87969478266314,best_certified_dual,,,179856.15269217,-94.22995235204803,375
dwp,95,95.6501944065094,179740.0583727882,100.87969478266314,best_certified_dual,,,179855.06066767575,-163.6957773350938,378
dwp,96,97.36903262138367,179757.5243268143,83.41374075654312,best_certified_dual,,,179854.18189014794,-73.22601372133329,381
dwp,97,99.06705904006958,179757.5243268143,83.41374075654312,best_certified_dual,,,179853.1214103981,-81.73299964248667,384
dwp,98,100.76929545402527,179806.50336874955,34.43469882130739,best_certified_dual,,,179852.9934229673,-42.57662715803258,386
dwp,99,102.4771945476532,179806.50336874955,34.43469882130739,best_certified_dual,,,179852.48065065936,-44.126239430688884,388
dwp,100,104.20607495307922,179813.0854336553,27.85263391555054,best_certified_dual,,,179852.12606131687,-35.16082056936057,390
dwp,101,105.94133424758911,179813.0854336553,27.85263391555054,best_certified_dual,,,179850.55134396005,-58.433794785016175,393
dwp,102,107.6834921836853,179813.0854336553,27.85263391555054,best_certified_dual,,,179848.59926968935,-48.797315358113224,396
dwp,103,109.47192645072937,179813.0854336553,27.85263391555054,best_certified_dual,,,179847.74812667165,-58.23739153522047,398
dwp,104,111.25906872749329,179813.0854336553,27.85263391555054,best_certified_dual,,,179847.14679466296,-35.80739819718178,400
dwp,105,113.02306175231934,179824.29949698897,16.63857058188296,best_certified_dual,,,179846.9551923627,-19.98662433542131,402
dwp,106,114.82943916320801,179824.29949698897,16.63857058188296,best_certified_dual,,,179845.70876684054,-75.13574832617292,403
dwp,107,116.640784740448,179824.29949698897,16.63857058188296,best_certified_dual,,,179845.7087668406,-75.13574832616928,404
dwp,108,118.43946480751038,179824.29949698897,16.63857058188296,best_certified_dual,,,179844.15107893958,-37.85378931176797,406
dwp,109,120.22961139678955,179824.29949698897,16.63857058188296,best_certified_dual,,,179843.74306777367,-44.89736842105981,407
dwp,110,122.05145573616028,179824.29949698897,16.63857058188296,best_certified_dual,,,179843.74306777364,-44.89736842104844,408
dwp,111,123.87542009353638,179824.29949698897,16.63857058188296,best_certified_dual,,,179843.6741621386,-31.772950819695097,409
dwp,112,125.70232152938843,179824.29949698897,16.63857058188296,best_certified_dual,,,179843.67416213852,-31.772950819686912,410
dwp,113,127.52419066429138,179824.30797461263,16.630092958221212,best_certified_dual,,,179843.56495080312,-19.256976190481737,411
dwp,114,129.36515188217163,179825.9473475725,14.990719998342684,best_certified_dual,,,179843.4973475725,-17.549999999994156,412
dwp,115,131.2082073688507,179834.5620549087,6.376012662163703,best_certified_dual,,,179843.33705490868,-8.775000000007822,413
dwp,116,133.048024892807,179834.5620549087,6.376012662163703,best_certified_dual,,,179842.40223303187,-47.65416666668966,414
dwp,117,134.89235377311707,179834.5620549087,6.376012662163703,best_certified_dual,,,179841.84009457857,-20.93464216095981,415
dwp,118,136.75176882743835,179834.5620549087,6.376012662163703,best_certified_dual,,,179841.03184260096,-17.343346560837972,416
dwp,119,138.6194396018982,179834.5620549087,6.376012662163703,best_certified_dual,,,179841.03184260096,-17.343346560837062,417
dwp,120,140.505357503891,179834.5620549087,6.376012662163703,best_certified_dual,,,179841.02006199153,-13.57513421086901,418
dwp,121,142.34462237358093,179840.93804621298,2.1357875084504485e-05,best_certified_dual,,,179840.93804621298,-7.275957614183426e-12,418
dwp_incremental,1,0.07599973678588867,-226558.4935595712,406399.431627142,best_certified_dual,,,182577.73840115298,-119302.48563268429,16
dwp_incremental,2,0.15636181831359863,-88254.44276323423,268095.38083080505,best_certified_dual,,,182577.73840115298,-115686.28727985267,22
dwp_incremental,3,0.2398226261138916,43869.38864442243,135971.54942314842,best_certified_dual,,,182577.73840115298,-57892.47918493242,28
dwp_incremental,4,0.31592559814453125,43869.38864442243,135971.54942314842,best_certified_dual,,,182577.7384011529,-94506.03126635897,34
dwp_incremental,5,0.41005754470825195,78777.70385234333,101063.23421522752,best_certified_dual,,,182577.73840115298,-40293.369388682164,40
dwp_incremental,6,0.4936690330505371,78777.70385234333,101063.23421522752,best_certified_dual,,,182577.73840115295,-88013.01129288717,46
dwp_incremental,7,0.5999095439910889,78777.70385234333,101063.23421522752,best_certified_dual,,,182577.7384011529,-45588.12143603611,52
dwp_incremental,8,0.6793932914733887,78777.70385234333,101063.23421522752,best_certified_dual,,,182577.73840115307,-43954.68979016299,58
dwp_incremental,9,0.7860321998596191,78777.70385234333,101063.23421522752,best_certified_dual,,,182577.7384011531,-97739.19315113305,64
dwp_incremental,10,0.8650262355804443,78777.70385234333,101063.23421522752,best_certified_dual,,,182577.73840115455,-77689.82306021215,70
dwp_incremental,11,0.9495275020599365,78777.70385234333,101063.23421522752,best_certified_dual,,,182577.738401152,-58745.69632665323,76
dwp_incremental,12,1.0258135795593262,78777.70385234333,101063.23421522752,best_certified_dual,,,182577.73840115432,-95911.51614865694,82
dwp_incremental,13,1.1079812049865723,127594.17243897961,52246.76562859124,best_certified_dual,,,182577.7384011521,-22619.888336254808,87
dwp_incremental,14,1.1947448253631592,127594.17243897961,52246.76562859124,best_certified_dual,,,182577.7384011522,-40127.34521437726,93
dwp_incremental,15,1.2833590507507324,127594.17243897961,52246.76562859124,best_certified_dual,,,182577.7384011508,-24742.0092579327,99
dwp_incremental,16,1.3603498935699463,127594.17243897961,52246.76562859124,best_certified_dual,,,182577.73840115315,-24760.621371478042,104
dwp_incremental,17,1.4399473667144775,161948.7296603192,17892.20840725166,best_certified_dual,,,182577.73840115283,-10290.507039355958,109
dwp_incremental,18,1.524216651916504,161948.7296603192,17892.20840725166,best_certified_dual,,,182577.73840115368,-31815.34570424842,114
dwp_incremental,19,1.6040310859680176,161948.7296603192,17892.20840725166,best_certified_dual,,,182577.73840115275,-17226.402526174345,119
dwp_incremental,20,1.6994493007659912,161948.7296603192,17892.20840725166,best_certified_dual,,,182577.73840114477,-1970486.858399186,125
dwp_incremental,21,1.8239853382110596,161948.7296603192,17892.20840725166,best_certified_dual,,,182566.4532437085,-28764.450592585352,130
dwp_incremental,22,1.9232416152954102,161948.7296603192,17892.20840725166,best_certified_dual,,,182563.40804833127,-18939.753500917803,135
dwp_incremental,23,2.0007214546203613,161948.7296603192,17892.20840725166,best_certified_dual,,,182560.29249937597,-11266.825035126509,140
dwp_incremental,24,2.090632438659668,163633.44792593113,16207.490141639719,best_certified_dual,,,182557.87479706356,-8426.782593639626,145
dwp_incremental,25,2.172314167022705,169388.4308557869,10452.507211783959,best_certified_dual,,,182554.86010984032,-5276.804391440877,149
dwp_incremental,26,2.251824378967285,169388.4308557869,10452.507211783959,best_certified_dual,,,182552.24876621127,-5841.882707439414,153
dwp_incremental,27,2.432321786880493,171740.7138707348,8100.224196836061,best_certified_dual,,,182549.9470973961,-4775.419875435445,157
dwp_incremental,28,2.53779935836792,171760.66637712956,8080.2716904412955,best_certified_dual,,,182544.3654384762,-5025.731904438886,161
dwp_incremental,29,2.611473321914673,171760.66637712956,8080.2716904412955,best_certified_dual,,,182448.5489674766,-4594.795045855157,165
dwp_incremental,30,2.690098524093628,173720.89198754402,6120.046080026834,best_certified_dual,,,182403.00824851735,-3470.216679254838,169
dwp_incremental,31,2.818145990371704,173720.89198754402,6120.046080026834,best_certified_dual,,,182251.952728968,-6689.411212746094,173
dwp_incremental,32,2.9101850986480713,173720.89198754402,6120.046080026834,best_certified_dual,,,181762.3285333918,-3044.2402195870127,177
dwp_incremental,33,3.0217859745025635,173720.89198754402,6120.046080026834,best_certified_dual,,,181654.59809808715,-4912.522187651279,181
dwp_incremental,34,3.1048851013183594,175414.42534819874,4426.512719372113,best_certified_dual,,,181553.92308085607,-2601.448730140195,185
dwp_incremental,35,3.1898841857910156,175581.35493719034,4259.583130380517,best_certified_dual,,,181362.8850876704,-2897.9951303728476,188
dwp_incremental,36,3.280015230178833,175581.35493719034,4259.583130380517,best_certified_dual,,,181174.62225857333,-6276.911296317128,192
dwp_incremental,37,3.38505220413208,176301.0764157798,3539.861651791056,best_certified_dual,,,181117.37097682516,-2228.6589841619425,195
dwp_incremental,38,3.4707930088043213,176301.0764157798,3539.861651791056,best_certified_dual,,,181077.08922083364,-2360.6946885332204,198
dwp_incremental,39,3.5687386989593506,176301.0764157798,3539.861651791056,best_certified_dual,,,180976.00479423776,-2116.220759205743,201
dwp_incremental,40,3.6544361114501953,176301.0764157798,3539.861651791056,best_certified_dual,,,180907.9696192072,-2426.517790024724,204
dwp_incremental,41,3.741530418395996,176689.2097198012,3151.7283477696474,best_certified_dual,,,180821.29255157898,-2143.7590580718625,207
dwp_incremental,42,3.8312771320343018,176689.2097198012,3151.7283477696474,best_certified_dual,,,180760.90284706876,-2247.331563220729,210
dwp_incremental,43,3.917156934738159,176689.2097198012,3151.7283477696474,best_certified_dual,,,180688.69648782647,-1897.9611974024006,213
dwp_incremental,44,4.003048658370972,176689.2097198012,3151.7283477696474,best_certified_dual,,,180645.3095411235,-1894.131364340712,216
dwp_incremental,45,4.08225417137146,178215.6711902483,1625.266877322545,best_certified_dual,,,180593.59235266762,-1169.576864144081,219
dwp_incremental,46,4.16336727142334,178215.6711902483,1625.266877322545,best_certified_dual,,,180479.59873602245,-2109.897748037787,222
dwp_incremental,47,4.275055170059204,178215.6711902483,1625.266877322545,best_certified_dual,,,180434.93416465056,-1498.6916940076844,225
dwp_incremental,48,4.422569751739502,178215.6711902483,1625.266877322545,best_certified_dual,,,180414.86782120392,-1345.92073653041,228
dwp_incremental,49,4.507619619369507,178477.1116730913,1363.8263944795472,best_certified_dual,,,180372.78190901695,-839.4203796677294,231
dwp_incremental,50,4.592228651046753,178477.1116730913,1363.8263944795472,best_certified_dual,,,180299.44956248175,-1647.619789524722,234
dwp_incremental,51,4.719347238540649,178477.1116730913,1363.8263944795472,best_certified_dual,,,180235.5405882975,-1493.974801770908,237
dwp_incremental,52,4.800877571105957,178477.1116730913,1363.8263944795472,best_certified_dual,,,180197.48997639975,-1622.482481193933,240
dwp_incremental,53,4.888792514801025,178552.84405861655,1288.0940089543,best_certified_dual,,,180081.185019805,-713.6768453992336,243
dwp_incremental,54,4.981820344924927,178552.84405861655,1288.0940089543,best_certified_dual,,,180073.50414330926,-1336.1977492874605,246
dwp_incremental,55,5.0684494972229,178552.84405861655,1288.0940089543,best_certified_dual,,,180066.12459531263,-1113.7023793275894,249
dwp_incremental,56,5.150234222412109,179242.47040732048,598.467660250375,best_certified_dual,,,180060.55306025845,-545.1628992138092,252
dwp_incremental,57,5.24315333366394,179386.9980072903,453.94006028055446,best_certified_dual,,,180057.88140306895,-351.3470446181494,255
dwp_incremental,58,5.319928169250488,179386.9980072903,453.94006028055446,best_certified_dual,,,180035.7320553446,-1456.7948021455295,258
dwp_incremental,59,5.4007086753845215,179386.9980072903,453.94006028055446,best_certified_dual,,,180021.4316734973,-1355.8160589964878,261
dwp_incremental,60,5.537157773971558,179386.9980072903,453.94006028055446,best_certified_dual,,,180016.0710905362,-389.58787855806247,264
dwp_incremental,61,5.61867356300354,179386.9980072903,453.94006028055446,best_certified_dual,,,180010.80780398785,-407.79507460723494,267
dwp_incremental,62,5.735315322875977,179405.23872399153,435.6993435793265,best_certified_dual,,,179997.25101002044,-377.27487796169896,270
dwp_incremental,63,5.875182390213013,179405.23872399153,435.6993435793265,best_certified_dual,,,179986.34325977042,-452.4829995401069,273
dwp_incremental,64,5.959242105484009,179405.23872399153,435.6993435793265,best_certified_dual,,,179978.0662316738,-407.4547978034311,276
dwp_incremental,65,6.039685249328613,179405.23872399153,435.6993435793265,best_certified_dual,,,179969.29693190992,-473.08664035776644,279
dwp_incremental,66,6.119312286376953,179496.63826562892,344.29980194193195,best_certified_dual,,,179962.7709851755,-236.21899041531458,282
dwp_incremental,67,6.206868648529053,179525.66816646565,315.26990110520273,best_certified_dual,,,179960.23343390485,-242.96587376246396,285
dwp_incremental,68,6.29090142250061,179525.66816646565,315.26990110520273,best_certified_dual,,,179960.04667101282,-332.6920838634287,288
dwp_incremental,69,6.371089458465576,179583.65051000004,257.2875575708167,best_certified_dual,,,179958.64462775722,-241.18926336015943,291
dwp_incremental,70,6.451904296875,179598.14628139386,242.79178617699654,best_certified_dual,,,179953.8393708385,-212.701030414991,294
dwp_incremental,71,6.538896322250366,179598.14628139386,242.79178617699654,best_certified_dual,,,179941.67585604894,-218.25320648739057,297
dwp_incremental,72,6.651486873626709,179598.14628139386,242.79178617699654,best_certified_dual,,,179924.15921825528,-336.7967278087202,300
dwp_incremental,73,6.740501880645752,179598.14628139386,242.79178617699654,best_certified_dual,,,179919.6575219959,-274.8916559687974,303
dwp_incremental,74,6.828632593154907,179598.14628139386,242.79178617699654,best_certified_dual,,,179907.2767763545,-178.71368599327548,306
dwp_incremental,75,6.919997692108154,179598.14628139386,242.79178617699654,best_certified_dual,,,179903.23322230074,-186.78911937246983,309
dwp_incremental,76,7.006267786026001,179598.14628139386,242.79178617699654,best_certified_dual,,,179892.20834912703,-187.6443329119478,312
dwp_incremental,77,7.101602554321289,179598.14628139386,242.79178617699654,best_certified_dual,,,179884.80226682543,-204.61533756704137,315
dwp_incremental,78,7.192556381225586,179598.14628139386,242.79178617699654,best_certified_dual,,,179882.97345690837,-277.6109417383934,318
dwp_incremental,79,7.277921199798584,179671.35952131526,169.57854625559412,best_certified_dual,,,179879.06500168273,-138.87858617858387,321
dwp_incremental,80,7.364645481109619,179701.08645614318,139.85161142767174,best_certified_dual,,,179871.6548853823,-120.23803055216217,324
dwp_incremental,81,7.537414073944092,179734.38261974958,106.55544782127254,best_certified_dual,,,179863.86720974703,-76.43506300195588,327
dwp_incremental,82,7.6255714893341064,179734.38261974958,106.55544782127254,best_certified_dual,,,179862.70435141053,-136.48040981175973,330
dwp_incremental,83,7.71550178527832,179761.53691202312,79.40115554773365,best_certified_dual,,,179861.17263032057,-60.70238496343154,333
dwp_incremental,84,7.807866096496582,179761.53691202312,79.40115554773365,best_certified_dual,,,179859.76847570762,-113.00575506294058,336
dwp_incremental,85,7.896059989929199,179761.53691202312,79.40115554773365,best_certified_dual,,,179858.08171116182,-93.78649311537924,339
dwp_incremental,86,7.983777284622192,179779.09994765752,61.83811991332914,best_certified_dual,,,179855.46791389133,-66.62961759949621,342
dwp_incremental,87,8.068090915679932,179792.5538997747,48.38416779614636,best_certified_dual,,,179855.41406299078,-58.50585313810029,344
dwp_incremental,88,8.161163568496704,179797.91340093422,43.02466663662926,best_certified_dual,,,179854.60627562375,-40.612880730600864,347
dwp_incremental,89,8.247382640838623,179813.94084892047,26.997218650387367,best_certified_dual,,,179853.99544897437,-26.7563427439743,349
dwp_incremental,90,8.333829641342163,179813.94084892047,26.997218650387367,best_certified_dual,,,179850.594871129,-56.69792624039121,351
dwp_incremental,91,8.415022373199463,179813.94084892047,26.997218650387367,best_certified_dual,,,179850.1820464302,-42.00299195761659,353
dwp_incremental,92,8.49908995628357,179813.94084892047,26.997218650387367,best_certified_dual,,,179850.0256917793,-45.094414984129344,355
dwp_incremental,93,8.590233087539673,179813.94084892047,26.997218650387367,best_certified_dual,,,179849.3644685644,-34.52782258259231,357
dwp_incremental,94,8.680692672729492,179815.99082525203,24.947242318827193,best_certified_dual,,,179848.69858166328,-27.69811538611475,359
dwp_incremental,95,8.770914316177368,179815.99082525203,24.947242318827193,best_certified_dual,,,179846.9193813021,-51.66046349216356,361
dwp_incremental,96,8.86540937423706,179815.99082525203,24.947242318827193,best_certified_dual,,,179845.82486711067,-26.83321364665983,363
dwp_incremental,97,8.954940795898438,179824.7990217379,16.13904583294061,best_certified_dual,,,179845.1110884035,-11.537066665490102,365
dwp_incremental,98,9.052000761032104,179824.7990217379,16.13904583294061,best_certified_dual,,,179844.32853769974,-72.64290909130614,367
dwp_incremental,99,9.13877820968628,179824.7990217379,16.13904583294061,best_certified_dual,,,179842.79504285273,-39.63638316135393,369
dwp_incremental,100,9.230041742324829,179824.7990217379,16.13904583294061,best_certified_dual,,,179842.39597438712,-26.411764705603446,371
dwp_incremental,101,9.316752910614014,179824.7990217379,16.13904583294061,best_certified_dual,,,179841.72519692476,-17.550000000127056,373
dwp_incremental,102,9.414382219314575,179824.7990217379,16.13904583294061,best_certified_dual,,,179841.3934978374,-17.549999999747683,375
dwp_incremental,103,9.506420373916626,179829.4056070145,11.53246055636555,best_certified_dual,,,179841.1852736815,-8.140666664934542,377
dwp_incremental,104,9.59254264831543,179836.88224334634,4.055824224516982,best_certified_dual,,,179841.0374100135,-2.1200000002232855,379
dwp_incremental,105,9.693358898162842,179836.88224334634,4.055824224516982,best_certified_dual,,,179840.95335461723,-10.599999997494251,380
dwp_incremental,106,9.769717693328857,179840.93804621234,2.1358515368774533e-05,best_certified_dual,,,179840.93804621295,-6.104983185650781e-10,380
lmp,1,0.08981776237487793,182577.7384012875,2736.8003337166447,one_shot_objective,,,,,
mirp,1,0.08605098724365234,178339.1332108441,-1501.8048567267542,one_shot_objective,,,,,
xiao,1,9.938840389251709,179840.93804538573,-2.2185122361406684e-05,one_shot_objective,,,,,
chp,1,1.0088942050933838,179840.93806757085,0.0,one_shot_objective,,,,,
