build_time,delta,end_to_end_time,experiment,ftr_component,gen_uplift,method,milp_obj,n_constraints,n_nonzeros,n_variables,parameter_family,pricing_obj,pricing_time,primal_violation,response_time,schedule_change_ratio,seed,status,total_uplift,objective_change_pct,uplift_change_pct
0.2490442000016628,0.001,1.030328599999848,family_sensitivity,17.092458308816816,2719.539364066802,chp,182577.54609357603,64725.0,466042.0,19335.0,ramping,179840.914271217,0.9580430000005437,0.0,0.0722855999993044,0.0,1,optimal,2736.631822375619,-1.3220014177036514e-05,-0.006158015156940136
0.7367539405822754,0.001,5.592929193711825,family_sensitivity,17.09245830891845,2719.539364058384,dwp_incremental,182577.54609357603,,,,ramping,179840.9142712097,5.531754493713379,,0.0611746999984461,0.0,1,optimal,2736.6318223673024,-1.3220018238993443e-05,-0.006158015460813948
0.3835230999993655,0.001,1.3551106000013533,family_sensitivity,17.137361389932252,2719.5745620315943,chp,182577.69116825523,64725.0,466042.0,19335.0,ramping,179840.97924493856,1.267509400000563,0.0,0.0876012000007904,0.0,2,optimal,2736.7119234215265,2.2908423679494183e-05,-0.0032312015235449773
0.7459259033203125,0.001,5.555553206870172,family_sensitivity,17.13736138737956,2719.5745620033813,dwp_incremental,182577.69116825523,,,,ramping,179840.97924486728,5.494924306869507,,0.0606289000006654,0.0,2,optimal,2736.711923390761,2.2908384047093706e-05,-0.0032312026476853345
0.2685664000000543,0.001,1.1930243999995582,family_sensitivity,17.17752368876667,2719.68280474587,chp,182577.8209122437,64725.0,466042.0,19335.0,ramping,179840.96074763246,1.1136963000008109,0.0,0.0793280999987473,0.0,3,optimal,2736.8603284346364,1.2623053564220504e-05,0.002191372061008397
0.7770071029663086,0.001,5.632369580074737,family_sensitivity,17.177519355965863,2719.6827841574263,dwp_incremental,182577.8209122437,,,,ramping,179840.96060873053,5.567007780075073,,0.065361799999664,0.0,3,optimal,2736.8603035133924,1.2545817573195841e-05,0.0021904614632037986
0.2693167999987054,0.001,1.169916599999851,family_sensitivity,17.057545013867372,2719.6424612876963,chp,182577.43329264087,64725.0,466042.0,19335.0,ramping,179840.7332904847,1.0891548999989027,0.0,0.0807617000009486,0.0,4,optimal,2736.7000063015635,-0.00011385379327171212,-0.0036666413955652763
0.6520442962646484,0.001,5.292946117788233,family_sensitivity,17.057544502902868,2719.6424605080056,dwp_incremental,182577.43329264087,,,,ramping,179840.73328763,5.235044717788696,,0.0579013999995368,0.0,4,optimal,2736.7000050109086,-0.00011385538062298432,-0.003666688554826784
0.2393523000009736,0.001,1.0324145000013232,family_sensitivity,17.116206203934333,2719.525529534965,chp,182577.62281843304,64725.0,466042.0,19335.0,ramping,179840.98109653944,0.963614600001165,0.0,0.0687999000001582,0.0,5,optimal,2736.6417357389,2.3938000652330634e-05,-0.005795790588268026
0.5453927516937256,0.001,4.968785695849874,family_sensitivity,17.116205955042563,2719.525529142674,dwp_incremental,182577.62281843304,,,,ramping,179840.9810833352,4.909389495849609,,0.0593962000002648,0.0,5,optimal,2736.6417350977163,2.3930658479075377e-05,-0.005795814016493587
0.2716288000010536,0.01,1.1116091000021695,family_sensitivity,16.556756200229128,2718.5585829594484,chp,182575.8153253838,64725.0,466042.0,19335.0,ramping,179840.69998974216,1.0345936000012443,0.0,0.0770155000009253,0.0,1,optimal,2735.1153391596777,-0.0001323705686499229,-0.061568824103777835
0.5225660800933838,0.01,4.94243467898923,family_sensitivity,16.556756143287107,2718.5585826962424,dwp_incremental,182575.8153253838,,,,ramping,179840.6999865436,4.883569478988648,,0.0588652000005822,0.0,1,optimal,2735.1153388395296,-0.00013237234720446647,-0.06156883580167338
0.2281914999985019,0.01,1.0264805999977398,family_sensitivity,17.005787451048263,2718.910249348703,chp,182577.2660721757,64725.0,466042.0,19335.0,ramping,179841.35003753926,0.9611197999984142,0.0,0.0653607999993255,0.0,2,optimal,2735.916036799751,0.00022908650789817505,-0.03231211786931149
0.4178545475006103,0.01,4.617320560311782,family_sensitivity,17.005786927098555,2718.910248674798,dwp_incremental,182577.2660721757,,,,ramping,179841.3500365728,4.55785346031189,,0.0594670999998925,0.0,2,optimal,2735.9160356018965,0.00022908597050612823,-0.03231216163774137
0.2304328000009263,0.01,1.0285787000011624,family_sensitivity,17.407366628833884,2719.992760583887,chp,182578.5635120607,64725.0,466042.0,19335.0,ramping,179841.16339056764,0.9546047000003456,0.0,0.0739740000008168,0.0,3,optimal,2737.400127212721,0.00012530203388103376,0.021915089836301065
0.4588382244110107,0.01,4.9369198287840845,family_sensitivity,17.407366618371395,2719.992760484537,dwp_incremental,182578.5635120607,,,,ramping,179841.16338495797,4.87983512878418,,0.0570846999999048,0.0,3,optimal,2737.4001271029083,0.0001252989146379571,0.02191508582384744
0.2336627999993652,0.01,0.9387679000010394,family_sensitivity,16.2076181836015,2719.588247585955,chp,182574.68731603224,64725.0,466042.0,19335.0,ramping,179838.89145236445,0.8764178000001266,0.0,0.0623501000009127,0.0,4,optimal,2735.7958657695563,-0.001138002210344985,-0.036703049417430064
0.4006147384643554,0.01,4.551011196217587,family_sensitivity,16.2076180820891,2719.588246971344,dwp_incremental,182574.68731603224,,,,ramping,179838.89145097873,4.493617296218872,,0.0573938999987149,0.0,4,optimal,2735.7958650534333,-0.0011380029808707032,-0.03670307558385975
0.2345444000002317,0.01,0.9857535000010104,family_sensitivity,16.79423246358456,2718.420117914211,chp,182576.58257395335,64725.0,466042.0,19335.0,ramping,179841.36823672894,0.9220358000002308,0.0,0.0637177000007795,0.0,5,optimal,2735.214350377796,0.00023920611129893933,-0.0579510513298471
0.4587075710296631,0.01,4.830087595562873,family_sensitivity,16.79423261351833,2718.420117589811,dwp_incremental,182576.58257395335,,,,ramping,179841.36822374997,4.769705295562744,,0.0603823000001284,0.0,5,optimal,2735.2143502033296,0.000239198894382842,-0.05795105770468366
0.242569199999707,0.001,0.9874894000004132,family_sensitivity,16.87644303346204,2704.30259249901,chp,182591.20610468343,64725.0,466042.0,19335.0,cost,179870.02712252358,0.9245069000007788,0.0,0.0629824999996344,0.0,1,optimal,2721.1790355324724,0.016174891337356275,-0.5707876862676495
0.4271507263183594,0.001,4.498093698784942,family_sensitivity,16.876439398825983,2704.3025858936344,dwp_incremental,182591.20610468343,,,,cost,179870.02707939086,4.4401535987854,,0.0579400999995414,0.0,1,optimal,2721.17902529246,0.01617486735353968,-0.5707880604276498
0.2385770000000775,0.001,1.023278199998458,family_sensitivity,17.518172672859247,2732.40326908906,chp,182541.3969318909,64725.0,466042.0,19335.0,cost,179791.47549130733,0.9585766000000148,0.0,0.0647015999984432,0.0,2,optimal,2749.921441761919,-0.027503501396596807,0.47943163928142735
0.4862470626831054,0.001,4.555017446606144,family_sensitivity,17.518172503552492,2732.403268947764,dwp_incremental,182541.3969318909,,,,cost,179791.47549043983,4.498247146606445,,0.0567702999996981,0.0,2,optimal,2749.9214414513167,-0.02750350187896633,0.4794316279323187
0.239717099999325,0.001,0.9844332999982726,family_sensitivity,16.811321859768004,2714.5413649681245,chp,182477.9259757989,64725.0,466042.0,19335.0,cost,179746.57328967666,0.9209131999996316,0.0,0.0635200999986409,0.0,3,optimal,2731.3526868278927,-0.0524712323918228,-0.1990524489129763
0.4392173290252685,0.001,4.685725991977961,family_sensitivity,16.8113217907998,2714.541364537858,dwp_incremental,182477.9259757989,,,,cost,179746.5732894706,4.625215291976929,,0.060510700001032,0.0,3,optimal,2731.352686328658,-0.05247123250639912,-0.19905246715452718
0.2482464999993681,0.001,1.0291856000003463,family_sensitivity,17.047318607895647,2707.188307557284,chp,182638.75176590908,64725.0,466042.0,19335.0,cost,179914.5161397504,0.9660222999991674,0.0,0.0631633000011788,0.0,4,optimal,2724.23562616518,0.040912872416718774,-0.45910286325262817
0.4567070007324219,0.001,5.02817647538177,family_sensitivity,17.0473186081086,2707.1883075574697,dwp_incremental,182638.75176590908,,,,cost,179914.51613974283,4.96670937538147,,0.0614671000002999,0.0,4,optimal,2724.235626165578,0.04091287241251117,-0.45910286323807253
0.2312502999993739,0.001,0.9942227000010462,family_sensitivity,17.299786280350204,2736.894430529668,chp,182650.51427855168,64725.0,466042.0,19335.0,cost,179896.32006556666,0.9324914000007992,0.0,0.0617313000002468,0.0,5,optimal,2754.1942168100186,0.030795001379445085,0.6355546476828817
0.4530837535858154,0.001,5.007858400726036,family_sensitivity,17.299786299684754,2736.8944297046314,dwp_incremental,182650.51427855168,,,,cost,179896.32006254696,4.948083400726318,,0.0597749999997176,0.0,5,optimal,2754.1942160043163,0.030794999700351846,0.6355546182433117
0.2310126000011223,0.01,1.0461584999993647,family_sensitivity,14.396567123989742,2567.5753814748864,chp,182712.41543645744,64725.0,466042.0,19335.0,cost,180130.44348991974,0.9826592999997956,0.0,0.0634991999995691,0.0,1,optimal,2581.971948598876,0.16097861079373443,-5.657278072075108
0.4176399707794189,0.01,4.184286709991284,family_sensitivity,14.396567040723411,2567.5753812624293,dwp_incremental,182712.41543645744,,,,cost,180130.44348815377,4.124645709991455,,0.0596409999998286,0.0,1,optimal,2581.9719483031527,0.16097860981177659,-5.657278082880557
0.2332946000005904,0.01,0.9902009000015825,family_sensitivity,20.813898225423443,2847.2527825756474,chp,182214.32370853252,64725.0,466042.0,19335.0,cost,179346.25703058817,0.9248714000004838,0.0,0.0653295000010985,0.0,2,optimal,2868.066680801071,-0.275065855972811,4.796342765998915
0.437802791595459,0.01,4.689213668430966,family_sensitivity,20.813898089026083,2847.25278234346,dwp_incremental,182214.32370853252,,,,cost,179346.25702810043,4.628803968429565,,0.0604097000014007,0.0,2,optimal,2868.0666804324865,-0.27506585735610967,4.796342752531197
0.2359080999995058,0.01,0.941345100000035,family_sensitivity,79.06789702216517,2606.762881471906,chp,181578.85152908167,64725.0,466042.0,19335.0,cost,178893.0207527157,0.8808946999997715,0.0,0.0604504000002634,0.0,3,optimal,2685.830778494071,-0.5270864930960413,-1.8623783196284731
0.4761853218078613,0.01,4.6285784692299785,family_sensitivity,79.06789672686224,2606.762880211062,dwp_incremental,181578.85152908167,,,,cost,178893.0207521448,4.563183069229126,,0.0653954000008525,0.0,3,optimal,2685.8307769379244,-0.5270864934134889,-1.8623783764885504
0.2294744000009814,0.01,1.0137748000015565,family_sensitivity,16.105359132532676,2596.378058525316,chp,183187.87204871397,64725.0,466042.0,19335.0,cost,180575.3886309936,0.9493501000015384,0.0,0.0644247000000177,0.0,4,optimal,2612.483417657849,0.40838898682253927,-4.542418926295004
0.4086322784423828,0.01,4.751640259913984,family_sensitivity,16.105359132019714,2596.378058526199,dwp_incremental,183187.87204871397,,,,cost,180575.38863105536,4.692631959915161,,0.0590082999988226,0.0,4,optimal,2612.4834176582185,0.4083889868568798,-4.542418926281495
0.2384131999988312,0.01,1.1822903999982373,family_sensitivity,18.630061232500616,2900.244125189036,chp,183305.49717513984,64725.0,466042.0,19335.0,cost,180386.6230259472,1.1114860999987286,0.0,0.0708042999995086,0.0,5,optimal,2918.8741864215367,0.3034264532096942,6.652799176071147
0.3640985488891601,0.01,4.732111561157581,family_sensitivity,18.630036049006375,2900.244116665209,dwp_incremental,183305.49717513984,,,,cost,180386.6230224243,4.674097061157227,,0.058014500000354,0.0,5,optimal,2918.874152714215,0.30342645125079526,6.652797944438686
0.2347743000009359,0.001,1.1014169999998558,family_sensitivity,17.20226757574011,2721.417502677545,chp,182554.19433655695,64725.0,466042.0,19335.0,demand,179815.57457094482,1.0353484999996,0.0,0.0660685000002558,0.0,1,optimal,2738.6197702532854,-0.01410328234785922,0.0664796499934031
0.4234097003936767,0.001,4.472779517029267,family_sensitivity,17.20226757788753,2721.4175026252547,dwp_incremental,182554.19433655695,,,,demand,179815.57456635372,4.411406517028809,,0.0613730000004579,0.0,1,optimal,2738.6197702031423,-0.014103284900726328,0.0664796481612208
0.2355860000006941,0.001,1.0194422000004124,family_sensitivity,17.398755700578405,2725.820808921369,chp,182565.4462577626,64725.0,466042.0,19335.0,demand,179822.2267050846,0.9569814000005864,0.0,0.0624607999998261,0.0,2,optimal,2743.219564621948,-0.010404383636554767,0.23455162354209022
0.3865208625793457,0.001,4.768079180566929,family_sensitivity,17.39875558866619,2725.820808757556,dwp_incremental,182565.4462577626,,,,demand,179822.2266934158,4.706520080566406,,0.0615591000005224,0.0,2,optimal,2743.219564346222,-0.010404390124956463,0.23455161346733078
0.241155499999877,0.001,0.9984707000003256,family_sensitivity,17.340740262938578,2716.7432592432124,chp,182562.22830538495,64725.0,466042.0,19335.0,demand,179828.14439082998,0.9347985000003972,0.0,0.0636721999999281,0.0,3,optimal,2734.083999506151,-0.0071138726941293124,-0.09925296323577164
0.416384220123291,0.001,4.2656791116787645,family_sensitivity,17.340740099289622,2716.743258907421,dwp_incremental,182562.22830538495,,,,demand,179828.14430637806,4.204383611679077,,0.0612954999996873,0.0,3,optimal,2734.08399900671,-0.007113919653361471,-0.09925298148484958
0.2218482999996922,0.001,1.0307842999991408,family_sensitivity,17.332683848102615,2722.9688674287145,chp,182623.6563888609,64725.0,466042.0,19335.0,demand,179883.35484247538,0.9677942999987864,0.0,0.0629900000003544,0.0,4,optimal,2740.301551276817,0.02358572899011602,0.12793027866223938
0.3839948177337646,0.001,4.658362065963956,family_sensitivity,17.332714276949762,2722.968832866565,dwp_incremental,182623.6563888609,,,,demand,179883.35484171737,4.597994565963745,,0.0603675000002112,0.0,4,optimal,2740.301547143515,0.023585728568627302,0.12793012763544298
0.2227726000000984,0.001,0.9809220000006462,family_sensitivity,17.404111023634393,2718.583201435667,chp,182562.69154908217,64725.0,466042.0,19335.0,demand,179826.70423701074,0.9174430000002758,0.0,0.0634790000003704,0.0,5,optimal,2735.9873124593014,-0.007914665792126184,-0.02970777519516432
0.3905549049377441,0.001,4.549428700294811,family_sensitivity,17.40411098429953,2718.5832013357413,dwp_incremental,182562.69154908217,,,,demand,179826.7042367632,4.4885571002960205,,0.0608715999987907,0.0,5,optimal,2735.987312320041,-0.00791466592976341,-0.02970778028360507
0.2353758000008383,0.01,0.9852908000011666,family_sensitivity,6.254980831948536,2739.0995340025947,chp,182344.75425403277,64725.0,466042.0,19335.0,demand,179599.399740975,0.9213003000004392,0.0,0.0639905000007274,0.0,1,optimal,2745.354514834544,-0.1343066311061222,0.3125606097923848
0.4774906635284424,0.01,4.735301648823224,family_sensitivity,6.254980816368144,2739.0995339773062,dwp_incremental,182344.75425403277,,,,demand,179599.39973924265,4.6754889488220215,,0.0598127000012027,0.0,1,optimal,2745.3545147936743,-0.1343066320693886,0.3125606082990531
0.2354426000001694,0.01,1.0166644000000815,family_sensitivity,6.256721377310651,2800.4320370557307,chp,182462.0728493064,64725.0,466042.0,19335.0,demand,179655.38410987175,0.9486323000000992,0.0,0.0680320999999821,0.0,2,optimal,2806.688758433041,-0.10317669511659484,2.5536536982020746
0.4812273979187011,0.01,4.460243181561964,family_sensitivity,6.256720408403773,2800.432036710806,dwp_incremental,182462.0728493064,,,,demand,179655.3840921866,4.401229381561279,,0.0590138000006845,0.0,2,optimal,2806.68875711921,-0.103176704950366,2.5536536501959777
0.221833699999479,0.01,1.039483200000177,family_sensitivity,6.2565060870026485,2704.210020221636,chp,182424.8654091872,64725.0,466042.0,19335.0,demand,179714.39889682137,0.9770723000001452,0.0,0.0624109000000316,0.0,3,optimal,2710.4665263086385,-0.0703617044972461,-0.9622122636736606
0.4143240451812744,0.01,4.786806752275879,family_sensitivity,6.256505919485118,2704.2100197992204,dwp_incremental,182424.8654091872,,,,demand,179714.3988834682,4.728321552276611,,0.0584851999992679,0.0,3,optimal,2710.4665257187057,-0.07036171192222826,-0.9622122852292272
0.2326056000001699,0.01,1.0180366000004142,family_sensitivity,7.691314079978449,2761.779610797405,chp,183041.3496840956,64725.0,466042.0,19335.0,demand,180271.87875922245,0.95545680000032,0.0,0.0625798000000941,0.0,4,optimal,2769.470924877384,0.2396232569122797,1.193750573070695
0.3531098365783691,0.01,4.116682822423172,family_sensitivity,7.691314079856539,2761.7796107958025,dwp_incremental,183041.3496840956,,,,demand,180271.8787592196,4.058106422424316,,0.0585763999988557,0.0,4,optimal,2769.470924875659,0.23962325691069375,1.1937505730076705
0.2281989000002795,0.01,1.0304044999993494,family_sensitivity,6.255539703834337,2733.358801182852,chp,182441.7838829728,64725.0,466042.0,19335.0,demand,179702.16961099402,0.9668485000001964,0.0,0.0635559999991528,0.0,5,optimal,2739.6143408866865,-0.0771617612363855,0.10282028520268702
0.4256107807159424,0.01,4.547977393232941,family_sensitivity,6.255539508190566,2733.358799851392,dwp_incremental,182441.7838829728,,,,demand,179702.1695436138,4.487614393234253,,0.0603629999986878,0.0,5,optimal,2739.6143393595826,-0.07716179870295378,0.10282022940380853
0.2312498999999661,0.001,1.0239713999999367,family_sensitivity,17.073410255476897,2719.0823366107365,chp,182577.1582062836,64725.0,466042.0,19335.0,line_limit,179841.0024632798,0.9593815999996878,0.0,0.0645898000002489,0.0,1,optimal,2736.1557468662136,3.581891084787329e-05,-0.023553347211144514
0.4876563549041748,0.001,5.191844007507825,family_sensitivity,17.073409939354526,2719.082335285861,dwp_incremental,182577.1582062836,,,,line_limit,179841.00246105806,5.122653007507324,,0.0691910000005009,0.0,1,optimal,2736.1557452252155,3.581767546274155e-05,-0.02355340717160543
0.2590392000001884,0.001,1.0390656999989003,family_sensitivity,17.01579964929174,2718.6348917159885,chp,182580.75184438116,64725.0,466042.0,19335.0,line_limit,179845.10116359976,0.9741869999998016,0.0,0.0648786999990989,0.0,2,optimal,2735.65069136528,0.002314888606823621,-0.04200757972462505
0.463259220123291,0.001,5.10789013865724,family_sensitivity,17.01579963493827,2718.634891685415,dwp_incremental,182580.75184438116,,,,line_limit,179845.10115306402,5.047258138656616,,0.0606320000006235,0.0,2,optimal,2735.650691320353,0.002314882748462194,-0.04200758136622156
0.2286865000005491,0.001,0.9822328000009292,family_sensitivity,17.02188729474314,2718.6958621619265,chp,182578.6747988168,64725.0,466042.0,19335.0,line_limit,179842.9572544865,0.917861100000664,0.0,0.0643717000002652,0.0,3,optimal,2735.717749456669,0.001122774543952196,-0.03955734285340412
0.368384838104248,0.001,5.233567095330727,family_sensitivity,17.02188751912857,2718.695861013849,dwp_incremental,182578.6747988168,,,,line_limit,179842.95705028478,5.1763834953308105,,0.0571835999999166,0.0,3,optimal,2735.717748532977,0.0011226609982090958,-0.03955737660420046
0.2370436999990488,0.001,0.9580605999999534,family_sensitivity,17.093928007337784,2719.2134508426207,chp,182579.3805864419,64725.0,466042.0,19335.0,line_limit,179843.0732180918,0.8926410000003671,0.0,0.0654195999995863,0.0,4,optimal,2736.3073788499582,0.001187255749705774,-0.018012863285451437
0.4508907794952392,0.001,4.596838345163633,family_sensitivity,17.09392762462101,2719.2134497187744,dwp_incremental,182579.3805864419,,,,line_limit,179843.07320909892,4.536890745162964,,0.0599476000006689,0.0,4,optimal,2736.3073773433957,0.001187250749242597,-0.018012918333767596
0.2259747000007337,0.001,0.995648699999947,family_sensitivity,17.239792441437285,2720.2821453612187,chp,182578.24165909737,64725.0,466042.0,19335.0,line_limit,179840.7197332739,0.9310174000002008,0.0,0.0646312999997462,0.0,5,optimal,2737.521937802656,-0.00012139223860275244,0.026365929288807807
0.4330625534057617,0.001,4.533427249571105,family_sensitivity,17.239790793357628,2720.282144426115,dwp_incremental,182578.24165909737,,,,line_limit,179840.71972387715,4.474067449569702,,0.0593598000014026,0.0,5,optimal,2737.5219352194727,-0.0001213974636387435,0.02636583490182678
0.2204369999999471,0.01,0.935053200000766,family_sensitivity,16.36627242390212,2714.0143385818683,chp,182571.9628054976,64725.0,466042.0,19335.0,line_limit,179841.58219520035,0.8741097000001901,0.0,0.060943500000576,0.0,1,optimal,2730.3806110057703,0.00035817706069829757,-0.234571145786937
0.4553315639495849,0.01,5.000222229342398,family_sensitivity,16.36627244930214,2714.014338386835,dwp_incremental,182571.9628054976,,,,line_limit,179841.58219466193,4.942332029342651,,0.0578901999997469,0.0,1,optimal,2730.380610836137,0.0003581767613110339,-0.23457115198517847
0.2343590999989828,0.01,1.0437516999991203,family_sensitivity,15.79017009834375,2708.7687874273565,chp,182607.87283343475,64725.0,466042.0,19335.0,line_limit,179883.31424527284,0.9786413999991056,0.0,0.0651103000000148,0.0,2,optimal,2724.5589575257004,0.02356315504060908,-0.44728865254723194
0.4659550189971924,0.01,5.034232335061461,family_sensitivity,15.790169402538153,2708.7687857846327,dwp_incremental,182607.87283343475,,,,line_limit,179883.31387825505,4.9679577350616455,,0.0662745999998151,0.0,2,optimal,2724.558955187171,0.023562950961500632,-0.44728873799480967
0.2459650000000692,0.01,1.0074798999976338,family_sensitivity,15.851048317535431,2710.110327814107,chp,182587.10237779145,64725.0,466042.0,19335.0,line_limit,179861.14100560753,0.9416103999992628,0.0,0.0658694999983708,0.0,3,optimal,2725.9613761316427,0.011233793380133472,-0.3960456525453291
0.388991117477417,0.01,4.951980539824945,family_sensitivity,15.851048242968844,2710.110327668484,dwp_incremental,182587.10237779145,,,,line_limit,179861.14100187967,4.89399003982544,,0.0579904999995051,0.0,3,optimal,2725.9613759114527,0.011233791307273156,-0.39604566059085683
0.2401113000014447,0.01,1.0139586000004783,family_sensitivity,16.571455039032877,2715.299145646003,chp,182594.1602540419,64725.0,466042.0,19335.0,line_limit,179862.28968668514,0.9503491000014036,0.0,0.0636094999990746,0.0,4,optimal,2731.870600685036,0.011872513957378358,-0.18012838467842296
0.4490079879760742,0.01,4.780831966720143,family_sensitivity,16.571449298582444,2715.29912966755,dwp_incremental,182594.1602540419,,,,line_limit,179862.28967507536,4.722008466720581,,0.058823499999562,0.0,4,optimal,2731.8705789661326,0.01187250750179598,-0.18012917826585123
0.2350571000006311,0.01,0.9976499999993392,family_sensitivity,18.030081031114666,2725.986079921158,chp,182582.77098059736,64725.0,466042.0,19335.0,line_limit,179838.75482353795,0.93398900000102,0.0,0.0636609999983193,0.0,5,optimal,2744.0161609522725,-0.0012139742487375694,0.2636584719419707
0.4257130622863769,0.01,4.780395941012102,family_sensitivity,18.030080986696365,2725.986076752936,dwp_incremental,182582.77098059736,,,,line_limit,179838.75482285715,4.719717741012573,,0.0606781999995291,0.0,5,optimal,2744.016157739632,-0.0012139746272925354,0.26365835455524145
