method,iteration,elapsed_s,objective,gap_to_exact,trace,grad_norm,step,upper_bound,rel_gap,rmp_obj,min_reduced_cost,columns
lrp,1,0.03609728813171387,1943.1731172173952,177897.76495925005,best_lagrangian_dual,3015.463133959403,0.009932597022613584,,,,,
lrp,2,0.06432342529296875,8379.1314741783,171461.80660228914,best_lagrangian_dual,3015.463133959403,0.009578701406270547,,,,,
lrp,3,0.09592914581298828,14585.778459268462,165255.15961719898,best_lagrangian_dual,3015.463133959403,0.009237414990419756,,,,,
lrp,4,0.12752079963684082,20571.284371665213,159269.65370480224,best_lagrangian_dual,3015.463133959403,0.008908288512821976,,,,,
lrp,5,0.16379833221435547,26343.52840510222,153497.40967136523,best_lagrangian_dual,3015.463133959403,0.008590888718324204,,,,,
lrp,6,0.20085954666137695,31910.10901987391,147930.82905659353,best_lagrangian_dual,3015.463133959403,0.008284797788531728,,,,,
lrp,7,0.23771023750305176,37278.353945288356,142562.5841311791,best_lagrangian_dual,3015.463133959403,0.007989612791800793,,,,,
lrp,8,0.2715475559234619,42455.32982573556,137385.6082507319,best_lagrangian_dual,3015.463133959403,0.0077049451528279035,,,,,
lrp,9,0.30569911003112793,47447.85152306901,132393.08655339846,best_lagrangian_dual,3015.463133959403,0.007430420141137474,,,,,
lrp,10,0.3386189937591553,52262.491087546274,127578.44698892118,best_lagrangian_dual,3015.463133959403,0.007165676377794538,,,,,
lrp,11,0.3706235885620117,56905.586409137104,122935.35166733035,best_lagrangian_dual,3015.463133959403,0.006910365359693145,,,,,
lrp,12,0.4058566093444824,61383.24956058825,118457.68851587921,best_lagrangian_dual,3015.463133959403,0.006664151000794221,,,,,
lrp,13,0.4386112689971924,65701.3748432271,114139.56323324036,best_lagrangian_dual,3015.463133959403,0.006426709189708989,,,,,
lrp,14,0.47080230712890625,69865.64654609551,109975.29153037195,best_lagrangian_dual,3015.463133959403,0.0061977273630455885,,,,,
lrp,15,0.5021824836730957,73881.54642862822,105959.39164783923,best_lagrangian_dual,3015.463133959403,0.0059769040939571996,,,,,
lrp,16,0.5337729454040527,77754.36093672509,102086.57713974237,best_lagrangian_dual,3015.463133959403,0.0057639486953501165,,,,,
lrp,17,0.5658354759216309,81489.18816171719,98351.74991475027,best_lagrangian_dual,3015.463133959403,0.0055585808372293774,,,,,
lrp,18,0.5976927280426025,85090.9445513865,94749.99352508095,best_lagrangian_dual,3015.463133959403,0.0053605301776782814,,,,,
lrp,19,0.6300253868103027,88564.37138187436,91276.5666945931,best_lagrangian_dual,3015.463133959403,0.005169536006985979,,,,,
lrp,20,0.6668448448181152,91914.04099899702,87926.89707747044,best_lagrangian_dual,3015.463133959403,0.004985346904454723,,,,,
lrp,21,0.7013332843780518,95144.3628371855,84696.57523928196,best_lagrangian_dual,3015.463133959403,0.004807720407434952,,,,,
lrp,22,0.7404863834381104,98259.58922397195,81581.3488524955,best_lagrangian_dual,3015.463133959403,0.004636422692152581,,,,,
lrp,23,0.774752140045166,101263.82097766399,78577.11709880347,best_lagrangian_dual,3015.463133959403,0.0044712282659083126,,,,,
lrp,24,0.8058333396911621,104161.01280557533,75679.92527089213,best_lagrangian_dual,3015.463133959403,0.004311919670243804,,,,,
lrp,25,0.8415610790252686,106954.97850991912,72885.95956654834,best_lagrangian_dual,3015.463133959403,0.004158287194683948,,,,,
lrp,26,0.8740761280059814,109649.3960082168,70191.54206825065,best_lagrangian_dual,3015.463133959403,0.004010128600678409,,,,,
lrp,27,0.905738353729248,112247.81217483111,67593.12590163635,best_lagrangian_dual,3015.463133959403,0.0038672488553790772,,,,,
lrp,28,0.9405665397644043,114753.64750999658,65087.29056647088,best_lagrangian_dual,3015.463133959403,0.003729459874902936,,,,,
lrp,29,0.9718139171600342,117170.20064249405,62670.73743397341,best_lagrangian_dual,3015.463133959403,0.003596580276742403,,,,,
lrp,30,1.0034008026123047,119500.65267189595,60340.28540457151,best_lagrangian_dual,3015.463133959403,0.0034684351409972254,,,,,
lrp,31,1.036506175994873,121748.07135609865,58092.86672036881,best_lagrangian_dual,3015.463133959403,0.003344855780113613,,,,,
lrp,32,1.0702919960021973,123757.72526120707,56083.212815260384,best_lagrangian_dual,2984.1397856156723,0.003302606229806065,,,,,
lrp,33,1.105471134185791,125277.0418618459,54563.89621462156,best_lagrangian_dual,2984.1397856156723,0.0032173001545017406,,,,,
lrp,34,1.1482548713684082,126757.11462676022,53083.82344970724,best_lagrangian_dual,2984.1397856156723,0.0031341975288300588,,,,,
lrp,35,1.1835846900939941,128156.74851082108,51684.189565646375,best_lagrangian_dual,2978.7468913459306,0.0030666854820394895,,,,,
lrp,36,1.220954418182373,129468.91708540912,50372.020991058336,best_lagrangian_dual,2978.7468913459306,0.0029927432710325475,,,,,
lrp,37,1.2565853595733643,130749.44738271466,49091.4906937528,best_lagrangian_dual,2978.7468913459306,0.00292058391340285,,,,,
lrp,38,1.2934174537658691,131998.49969640616,47842.4383800613,best_lagrangian_dual,2978.4289765423164,0.0028508068640621317,,,,,
lrp,39,1.328974723815918,133212.8993963672,46628.03868010026,best_lagrangian_dual,2978.4289765423164,0.00278235943209161,,,,,
lrp,40,1.361818790435791,134393.66838435846,45447.269692108996,best_lagrangian_dual,2977.3062589547717,0.002717856137420346,,,,,
lrp,41,1.3961536884307861,135532.72984519255,44308.20823127491,best_lagrangian_dual,2977.006962257741,0.002654140173197615,,,,,
lrp,42,1.4315297603607178,136640.4379139958,43200.50016247167,best_lagrangian_dual,2976.7635148562563,0.002592070482163325,,,,,
lrp,43,1.4657199382781982,137718.12182235296,42122.8162541145,best_lagrangian_dual,2976.209582251501,0.002532203124888508,,,,,
lrp,44,1.5012342929840088,138763.33643592996,41077.6016405375,best_lagrangian_dual,2976.209582251501,0.002473203607894651,,,,,
lrp,45,1.5357859134674072,139784.19788575408,40056.740190713375,best_lagrangian_dual,2976.209582251501,0.0024155787606385,,,,,
lrp,46,1.571012020111084,140781.27359269472,39059.664483772736,best_lagrangian_dual,2976.209582251501,0.002359296553758054,,,,,
lrp,47,1.606081247329712,141755.11775689793,38085.820319569524,best_lagrangian_dual,2976.209582251501,0.002304325704165122,,,,,
lrp,48,1.641061782836914,142706.27166582475,37134.666410642705,best_lagrangian_dual,2976.209582251501,0.0022506356576573986,,,,,
lrp,49,1.6770110130310059,143635.26399511294,36205.67408135452,best_lagrangian_dual,2976.209582251501,0.0021981965719356377,,,,,
lrp,50,1.7136180400848389,144542.61110242808,35298.32697403937,best_lagrangian_dual,2976.209582251501,0.00214697930001656,,,,,
lrp,51,1.750749111175537,145328.64509755897,34512.29297890849,best_lagrangian_dual,2913.763714234086,0.002193699058910718,,,,,
lrp,52,1.7875487804412842,146060.5571091208,33780.38096734666,best_lagrangian_dual,2913.763714234086,0.0021505947965362636,,,,,
lrp,53,1.8289093971252441,146778.08769162867,33062.85038483879,best_lagrangian_dual,2913.763714234086,0.0021083374951099414,,,,,
lrp,54,1.8680307865142822,147481.51942754933,32359.41864891813,best_lagrangian_dual,2913.763714234086,0.0020669105125920018,,,,,
lrp,55,1.9081790447235107,148171.12934685187,31669.808729615586,best_lagrangian_dual,2913.763714234086,0.0020262975339441825,,,,,
lrp,56,1.9471755027770996,148847.18903610946,30993.749040358,best_lagrangian_dual,2913.763714234086,0.0019864825647044147,,,,,
lrp,57,1.9944193363189697,149509.96474545734,30330.973331010115,best_lagrangian_dual,2913.763714234086,0.0019474499246877766,,,,,
lrp,58,2.0353333950042725,150159.71749344905,29681.22058301841,best_lagrangian_dual,2913.763714234086,0.0019091842418112344,,,,,
lrp,59,2.0734074115753174,150796.70316985267,29044.234906614787,best_lagrangian_dual,2913.763714234086,0.0018716704460396897,,,,,
lrp,60,2.1391940116882324,151421.17263642658,28419.76544004088,best_lagrangian_dual,2913.763714234086,0.0018348937634510296,,,,,
lrp,61,2.190119743347168,152012.61772006316,27828.320356404292,best_lagrangian_dual,2909.8539974945547,0.0018049023972383125,,,,,
lrp,62,2.2296061515808105,152570.8787251923,27270.05935127515,best_lagrangian_dual,2909.8539974945547,0.0017719365000329515,,,,,
lrp,63,2.2697362899780273,153118.94329258765,26721.99478387981,best_lagrangian_dual,2909.8539974945547,0.001739572713157893,,,,,
lrp,64,2.3093667030334473,153656.99765654033,26183.940419927123,best_lagrangian_dual,2909.8539974945547,0.0017078000392831397,,,,,
lrp,65,2.3485989570617676,154184.309484284,25656.628592183464,best_lagrangian_dual,2909.6626639760166,0.0016768822384280986,,,,,
lrp,66,2.3924970626831055,154701.10636565887,25139.83171080859,best_lagrangian_dual,2909.6626639760166,0.0016463608275132761,,,,,
lrp,67,2.431758165359497,155119.2127403807,24721.72533608676,best_lagrangian_dual,2887.367349237079,0.0016468086403296567,,,,,
lrp,68,2.4724276065826416,155413.45734070745,24427.480735760008,best_lagrangian_dual,2887.1555108341277,0.0016294005772894966,,,,,
lrp,69,2.5129871368408203,155703.03320149455,24137.90487497291,best_lagrangian_dual,2887.1555108341277,0.0016120308897323078,,,,,
lrp,70,2.553762674331665,155987.07825770674,23853.859818760713,best_lagrangian_dual,2886.5380576449406,0.0015956753936005878,,,,,
lrp,71,2.592071771621704,156264.81403742096,23576.124039046495,best_lagrangian_dual,2886.5380576449406,0.001579008784075977,,,,,
lrp,72,2.631012439727783,156538.74020448042,23302.19787198704,best_lagrangian_dual,2886.335839189562,0.0015627897420921978,,,,,
lrp,73,2.6718668937683105,156808.00824838586,23032.9298280816,best_lagrangian_dual,2885.958196484456,0.001547033803029662,,,,,
lrp,74,2.7133028507232666,157072.07819474614,22768.85988172132,best_lagrangian_dual,2885.958196484456,0.0015311808961128344,,,,,
lrp,75,2.754201650619507,157333.44213929123,22507.495937176223,best_lagrangian_dual,2885.958196484456,0.0015154904385602155,,,,,
lrp,76,2.7991442680358887,157592.12781121148,22248.810265255976,best_lagrangian_dual,2885.958196484456,0.0014999607657057601,,,,,
lrp,77,2.8444347381591797,157847.17748398928,21993.760592478182,best_lagrangian_dual,2885.5998709518713,0.0014850181146428532,,,,,
lrp,78,2.8913514614105225,158097.27930931989,21743.65876714757,best_lagrangian_dual,2885.4839440001856,0.001470118146162187,,,,,
lrp,79,2.931291103363037,158344.19629586834,21496.741780599114,best_lagrangian_dual,2885.4839440001856,0.0014552901095980495,,,,,
lrp,80,2.977583885192871,158587.78669721892,21253.151379248535,best_lagrangian_dual,2884.5156370954355,0.00144162924126316,,,,,
lrp,81,3.031778573989868,158821.8641953157,21019.073881151766,best_lagrangian_dual,2884.5156370954355,0.0014275628116953722,,,,,
lrp,82,3.077962636947632,159053.65772569992,20787.28035076754,best_lagrangian_dual,2884.5156370954355,0.0014136336327015386,,,,,
lrp,83,3.1178102493286133,159283.1895737625,20557.748502704955,best_lagrangian_dual,2884.5156370954355,0.0013998403650846666,,,,,
lrp,84,3.1568994522094727,159510.4818074485,20330.456269018963,best_lagrangian_dual,2884.5156370954355,0.001386181682714747,,,,,
lrp,85,3.1939172744750977,159735.5562793794,20105.38179708805,best_lagrangian_dual,2884.5156370954355,0.0013726562724012171,,,,,
lrp,86,3.2311112880706787,159958.4346289534,19882.503447514056,best_lagrangian_dual,2884.5156370954355,0.0013592628337667555,,,,,
lrp,87,3.27101731300354,160179.13828442676,19661.799792040692,best_lagrangian_dual,2884.5156370954355,0.0013460000791221975,,,,,
lrp,88,3.3131003379821777,160397.68846497306,19443.249611494393,best_lagrangian_dual,2884.5156370954355,0.0013328667333427967,,,,,
lrp,89,3.3573951721191406,160614.10618272398,19226.83189374348,best_lagrangian_dual,2884.5156370954355,0.001319861533745584,,,,,
lrp,90,3.40455961227417,160828.4122447893,19012.525831678155,best_lagrangian_dual,2884.5156370954355,0.0013069832299679792,,,,,
lrp,91,3.4453771114349365,161040.62725525704,18800.310821210413,best_lagrangian_dual,2884.5156370954355,0.0012942305838475998,,,,,
lrp,92,3.504885196685791,161250.77161717485,18590.16645929261,best_lagrangian_dual,2884.5156370954355,0.0012816023693031904,,,,,
lrp,93,3.5473124980926514,161458.86553451137,18382.07254195609,best_lagrangian_dual,2884.5156370954355,0.0012690973722167592,,,,,
lrp,94,3.5866787433624268,161664.92901409877,18176.009062368685,best_lagrangian_dual,2884.5156370954355,0.0012567143903168445,,,,,
lrp,95,3.6260719299316406,161868.98186755631,17971.956208911142,best_lagrangian_dual,2884.5156370954355,0.0012444522330629247,,,,,
lrp,96,3.6659390926361084,162071.04371319493,17769.894363272528,best_lagrangian_dual,2884.5156370954355,0.0012323097215309628,,,,,
lrp,97,3.7047629356384277,162271.13397790366,17569.804098563793,best_lagrangian_dual,2884.5156370954355,0.0012202856883000456,,,,,
lrp,98,3.7424798011779785,162469.27189901727,17371.666177450184,best_lagrangian_dual,2884.5156370954355,0.0012083789773401552,,,,,
lrp,99,3.7803845405578613,162665.4765261658,17175.46155030167,best_lagrangian_dual,2884.5156370954355,0.0011965884439010216,,,,,
lrp,100,3.8201770782470703,162859.44992206283,16981.488154404622,best_lagrangian_dual,2884.5156370954355,0.001184931991941327,,,,,
lrp,101,3.8592441082000732,163051.33471568444,16789.603360783018,best_lagrangian_dual,2884.5156370954355,0.0011734010504516328,,,,,
lrp,102,3.898510456085205,163241.35221874167,16599.58585772579,best_lagrangian_dual,2884.5156370954355,0.0011619823201373825,,,,,
lrp,103,3.938122272491455,163429.52060241927,16411.417474048183,best_lagrangian_dual,2884.5156370954355,0.0011506747090367574,,,,,
lrp,104,3.9795470237731934,163614.5467621712,16226.391314296256,best_lagrangian_dual,2883.7629749046114,0.0011401508496019738,,,,,
lrp,105,4.021622180938721,163794.2297752281,16046.708301239356,best_lagrangian_dual,2883.7629749046114,0.001129347513122753,,,,,
lrp,106,4.060890197753906,163972.2102275666,15868.72784890086,best_lagrangian_dual,2883.7629749046114,0.001118646542114838,,,,,
lrp,107,4.101871967315674,164148.4923262984,15692.445750169049,best_lagrangian_dual,2883.59447703575,0.001108177181121323,,,,,
lrp,108,4.140793561935425,164322.05951004731,15518.878566420142,best_lagrangian_dual,2883.59447703575,0.0010977403357050326,,,,,
lrp,109,4.180938720703125,164493.9920329342,15346.946043533244,best_lagrangian_dual,2883.59447703575,0.0010874017848070744,,,,,
lrp,110,4.221283435821533,164659.66058027546,15181.277496191993,best_lagrangian_dual,2872.374716285434,0.0010858734942581305,,,,,
lrp,111,4.265297174453735,164823.5997187462,15017.338357721252,best_lagrangian_dual,2872.374716285434,0.001075938434989135,,,,,
lrp,112,4.308424234390259,164986.03891724622,14854.89915922124,best_lagrangian_dual,2872.374716285434,0.0010660942752615677,,,,,
lrp,113,4.359247446060181,165146.9918992825,14693.94617718496,best_lagrangian_dual,2872.374716285434,0.001056340183401817,,,,,
lrp,114,4.4019615650177,165291.13291901577,14549.805157451687,best_lagrangian_dual,2843.650536410531,0.0010688758809457941,,,,,
lrp,115,4.445943355560303,165444.24731002527,14396.690766442189,best_lagrangian_dual,2852.1020347933,0.0010531391323059824,,,,,
lrp,116,4.490761995315552,165590.25474150837,14250.683334959089,best_lagrangian_dual,2872.374716285434,0.0010294775156439076,,,,,
lrp,117,4.534733295440674,165729.9542345421,14110.983841925365,best_lagrangian_dual,2843.1233023487275,0.0010421288161731883,,,,,
lrp,118,4.578126668930054,165876.15284395483,13964.78523251263,best_lagrangian_dual,2843.3387050982765,0.0010329291010294896,,,,,
lrp,119,4.619106292724609,166012.99292311337,13827.945153354085,best_lagrangian_dual,2883.0745476177885,0.0009964213567384137,,,,,
lrp,120,4.6593852043151855,166148.18380363676,13692.754272830702,best_lagrangian_dual,2843.3387050982765,0.0010161050280291066,,,,,
lrp,121,4.7009971141815186,166290.3494180565,13550.588658410968,best_lagrangian_dual,2843.3387050982765,0.001007312629259722,,,,,
lrp,122,4.741079092025757,166426.97052450088,13413.967551966576,best_lagrangian_dual,2883.0745476177885,0.000971519306551122,,,,,
lrp,123,4.78265905380249,166555.6162852481,13285.32179121935,best_lagrangian_dual,2843.3387050982765,0.0009909068894739532,,,,,
lrp,124,4.827337980270386,166694.25636642863,13146.681710038829,best_lagrangian_dual,2843.3387050982765,0.0009823325314329146,,,,,
lrp,125,4.873282432556152,166829.0760600399,13011.862016427564,best_lagrangian_dual,2871.852755606781,0.000954749275720557,,,,,
lrp,126,4.914273500442505,166956.2538357486,12884.684240718867,best_lagrangian_dual,2843.3387050982765,0.000966128991383986,,,,,
lrp,127,4.9537129402160645,167091.08157822498,12749.856498242472,best_lagrangian_dual,2851.79112761684,0.0009521212365984891,,,,,
lrp,128,4.993307113647461,167221.38980525616,12619.5482712113,best_lagrangian_dual,2871.852755606781,0.0009309655881928469,,,,,
lrp,129,5.034251928329468,167343.6926771665,12497.24539930097,best_lagrangian_dual,2843.3387050982765,0.000942167382900819,,,,,
lrp,130,5.076619863510132,167475.5068206247,12365.431255842763,best_lagrangian_dual,2843.3387050982765,0.0009340151829651321,,,,,
lrp,131,5.118026971817017,167603.2370750557,12237.70100141177,best_lagrangian_dual,2883.0745476177885,0.0009007631869509945,,,,,
lrp,132,5.157071113586426,167721.46451719577,12119.47355927169,best_lagrangian_dual,2843.3387050982765,0.000918803641429727,,,,,
lrp,133,5.201815366744995,167849.97383924696,11990.964237220498,best_lagrangian_dual,2843.245970526429,0.0009109152494841509,,,,,
lrp,134,5.250142335891724,167976.264013777,11864.674062690465,best_lagrangian_dual,2871.760941807499,0.0008852585835175204,,,,,
lrp,135,5.306401968002319,168091.9825125023,11748.955563965166,best_lagrangian_dual,2843.245970526429,0.0008959469635607114,,,,,
lrp,136,5.349290132522583,168215.86622239722,11625.071854070236,best_lagrangian_dual,2851.698667909876,0.0008830266196650084,,,,,
lrp,137,5.396977186203003,168337.15555571203,11503.782520755427,best_lagrangian_dual,2843.1794675439623,0.0008808241648460678,,,,,
lrp,138,5.438766002655029,168452.00743258127,11388.930643886182,best_lagrangian_dual,2871.6254530561405,0.0008564960151761079,,,,,
lrp,139,5.481281518936157,168569.3514185966,11271.586657870852,best_lagrangian_dual,2843.1794675439623,0.000866462131407844,,,,,
lrp,140,5.526620626449585,168687.5249024856,11153.413173981855,best_lagrangian_dual,2851.6323620529615,0.0008540668316095364,,,,,
lrp,141,5.567219018936157,168800.41277586427,11040.525300603185,best_lagrangian_dual,2871.6254530561405,0.0008353708933079455,,,,,
lrp,142,5.60812520980835,168912.64829854562,10928.289777921833,best_lagrangian_dual,2843.1794675439623,0.0008452281558847028,,,,,
lrp,143,5.6489176750183105,169029.38684151412,10811.551234953338,best_lagrangian_dual,2843.1794675439623,0.0008380075153581467,,,,,
lrp,144,5.691837310791016,169105.72128690872,10735.216789558734,best_lagrangian_dual,2871.3126434432174,0.0008170368858409359,,,,,
lrp,145,5.736589193344116,169161.76489115023,10679.173185317224,best_lagrangian_dual,2831.4823752206735,0.0008366897932451613,,,,,
lrp,146,5.779359579086304,169221.7930416914,10619.14503477607,best_lagrangian_dual,2831.4823752206735,0.0008329461259795901,,,,,
lrp,147,5.820275068283081,169277.2455915059,10563.69248496156,best_lagrangian_dual,2865.470247166082,0.000809927099218501,,,,,
lrp,148,5.8653481006622314,169330.80674657738,10510.131329890079,best_lagrangian_dual,2831.4823752206735,0.0008261474651046305,,,,,
lrp,149,5.908593416213989,169389.10388822563,10451.834188241832,best_lagrangian_dual,2835.0298958488993,0.0008204545948274866,,,,,
lrp,150,5.950901508331299,169446.52686700443,10394.411209463025,best_lagrangian_dual,2865.470247166082,0.0007996187975353415,,,,,
lrp,151,5.992598056793213,169496.0803624781,10344.85771398936,best_lagrangian_dual,2831.4823752206735,0.0008158401439539327,,,,,
lrp,152,6.036402940750122,169554.13642288584,10286.801653581613,best_lagrangian_dual,2835.0298958488993,0.0008101880504611775,,,,,
lrp,153,6.0808186531066895,169609.4108009422,10231.527275525266,best_lagrangian_dual,2834.3401174984924,0.0008071421912931688,,,,,
lrp,154,6.125046014785767,169659.72054817624,10181.217528291221,best_lagrangian_dual,2864.7877981969964,0.0007870113003654848,,,,,
lrp,155,6.166023015975952,169707.80186144082,10133.136215026636,best_lagrangian_dual,2830.7917324468885,0.0008030277858177105,,,,,
lrp,156,6.207812070846558,169762.26174685304,10078.67632961442,best_lagrangian_dual,2830.7917324468885,0.0007996297270111644,,,,,
lrp,157,6.251527309417725,169813.16264438714,10027.775432080321,best_lagrangian_dual,2864.7877981969964,0.0007776630655941634,,,,,
lrp,158,6.295874357223511,169860.76543577123,9980.172640696226,best_lagrangian_dual,2830.7917324468885,0.0007934835273805154,,,,,
lrp,159,6.339287281036377,169913.47945195806,9927.458624509396,best_lagrangian_dual,2834.3401174984924,0.0007882171112943785,,,,,
lrp,160,6.382024526596069,169965.66069386288,9875.277382604574,best_lagrangian_dual,2834.3401174984924,0.0007849693770271803,,,,,
lrp,161,6.429737567901611,170012.905107339,9828.032969128457,best_lagrangian_dual,2864.7877981969964,0.0007654940488537407,,,,,
lrp,162,6.478923559188843,170060.61728305763,9780.320793409832,best_lagrangian_dual,2830.0388615871548,0.0007814292446354385,,,,,
lrp,163,6.520305633544922,170109.73727260288,9731.200803864573,best_lagrangian_dual,2833.588189427891,0.0007764140215709436,,,,,
lrp,164,6.563685178756714,170154.69330056862,9686.244775898842,best_lagrangian_dual,2863.7645249395523,0.0007573967833626716,,,,,
lrp,165,6.609923362731934,170197.30918871716,9643.628887750296,best_lagrangian_dual,2829.9017235333113,0.0007729706401194368,,,,,
lrp,166,6.66492223739624,170245.6769344011,9595.26114206636,best_lagrangian_dual,2833.4512231602853,0.0007680229599658274,,,,,
lrp,167,6.707313537597656,170290.1998212392,9550.738255228265,best_lagrangian_dual,2858.1999620098522,0.0007520551342708854,,,,,
lrp,168,6.749098300933838,170332.4559947061,9508.48208176135,best_lagrangian_dual,2829.9017235333113,0.0007645327652006544,,,,,
lrp,169,6.790172576904297,170379.20548502417,9461.732591443288,best_lagrangian_dual,2833.4512231602853,0.0007597069948722403,,,,,
lrp,170,6.847481727600098,170422.50678139308,9418.431295074377,best_lagrangian_dual,2863.629001994767,0.0007411391221960374,,,,,
lrp,171,6.894767999649048,170464.655414593,9376.282661874458,best_lagrangian_dual,2829.9017235333113,0.0007562789099861077,,,,,
lrp,172,6.93561315536499,170511.34701335657,9329.591063110885,best_lagrangian_dual,2833.4512231602853,0.0007514774115217292,,,,,
lrp,173,6.977797985076904,170554.80680375485,9286.131272712606,best_lagrangian_dual,2863.629001994767,0.0007330724126912738,,,,,
lrp,174,7.01655125617981,170595.45147059258,9245.486605874874,best_lagrangian_dual,2829.9017235333113,0.0007481126736306231,,,,,
lrp,175,7.054157972335815,170642.0033993281,9198.934677139361,best_lagrangian_dual,2833.4512231602853,0.0007433403206904167,,,,,
lrp,176,7.093973636627197,170685.64316186286,9155.294914604601,best_lagrangian_dual,2863.629001994767,0.0007250949469684603,,,,,
lrp,177,7.132647514343262,170724.83064300375,9116.107433463709,best_lagrangian_dual,2829.9017235333113,0.0007400349002351476,,,,,
lrp,178,7.173111200332642,170771.24429277485,9069.693783692608,best_lagrangian_dual,2833.4512231602853,0.0007352913846872014,,,,,
lrp,179,7.212350845336914,170813.99979557807,9026.938280889386,best_lagrangian_dual,2857.8122994303094,0.0007201914614203186,,,,,
lrp,180,7.25192666053772,170851.693995747,8989.24408072047,best_lagrangian_dual,2829.5101839008876,0.0007323168315565243,,,,,
lrp,181,7.29087495803833,170894.95758285778,8945.980493609677,best_lagrangian_dual,2833.060174082179,0.0007277875721924703,,,,,
lrp,182,7.328965902328491,170935.24925805544,8905.688818412018,best_lagrangian_dual,2862.85509464758,0.0007102596009412049,,,,,
lrp,183,7.366990089416504,170971.21554610063,8869.722530366824,best_lagrangian_dual,2829.118590080816,0.0007250531277566741,,,,,
lrp,184,7.404364824295044,171012.87300030753,8828.065076159925,best_lagrangian_dual,2832.66907101987,0.0007206408978004503,,,,,
lrp,185,7.442255973815918,171052.5122689858,8788.42580748166,best_lagrangian_dual,2862.85509464758,0.0007031058747641924,,,,,
lrp,186,7.4796998500823975,171087.11723832003,8753.820838147425,best_lagrangian_dual,2829.118590080816,0.0007178128125041706,,,,,
lrp,187,7.518922567367554,171128.6997784038,8712.238298063661,best_lagrangian_dual,2832.66907101987,0.0007134233893847862,,,,,
lrp,188,7.558856725692749,171168.53895231875,8672.39912414871,best_lagrangian_dual,2862.85509464758,0.0006960275717664651,,,,,
lrp,189,7.596822023391724,171201.51999017957,8639.418086287886,best_lagrangian_dual,2828.5150568262056,0.0007109694437884663,,,,,
lrp,190,7.6369805335998535,171240.56670091525,8600.371375552204,best_lagrangian_dual,2828.5150568262056,0.0007085291760992718,,,,,
lrp,191,7.675033092498779,171276.68126387734,8564.256812590116,best_lagrangian_dual,2862.258675050404,0.0006897176096206765,,,,,
lrp,192,7.7133238315582275,171309.31764566782,8531.620430799638,best_lagrangian_dual,2828.5150568262056,0.0007042325092118363,,,,,
lrp,193,7.752901077270508,171347.04162008574,8493.896456381714,best_lagrangian_dual,2832.066294397832,0.0007001157947643524,,,,,
lrp,194,7.791608572006226,171383.51201436543,8457.426062102022,best_lagrangian_dual,2862.258675050404,0.0006831975956993599,,,,,
lrp,195,7.831408262252808,171414.75062537508,8426.18745109238,best_lagrangian_dual,2828.5150568262056,0.0006976433576826142,,,,,
lrp,196,7.87119722366333,171452.5121426849,8388.425933782564,best_lagrangian_dual,2832.066294397832,0.0006935408172546579,,,,,
lrp,197,7.9110107421875,171489.21406402046,8351.724012446997,best_lagrangian_dual,2862.258675050404,0.0006767464677973869,,,,,
lrp,198,7.950616836547852,171519.21671944606,8321.721357021393,best_lagrangian_dual,2828.5150568262056,0.0006911146327484339,,,,,
lrp,199,7.99152135848999,171556.9630034429,8283.975073024543,best_lagrangian_dual,2832.066294397832,0.0006870294049336786,,,,,
lrp,200,8.031456470489502,171593.54636239243,8247.391714075027,best_lagrangian_dual,2831.958854715489,0.0006848007747555108,,,,,
lrp,201,8.070670366287231,171624.52427853577,8216.413797931687,best_lagrangian_dual,2856.7205224883423,0.000671082745396805,,,,,
lrp,202,8.11006212234497,171659.39424369892,8181.543832768541,best_lagrangian_dual,2828.4074822468124,0.0006824059879798244,,,,,
lrp,203,8.149638652801514,171695.09935891317,8145.838717554288,best_lagrangian_dual,2862.1523687320514,0.0006642303705674243,,,,,
lrp,204,8.18760085105896,171724.85748656985,8116.0805898976105,best_lagrangian_dual,2828.4074822468124,0.0006783144784722035,,,,,
lrp,205,8.227260828018188,171760.8785332953,8080.0595431721595,best_lagrangian_dual,2831.958854715489,0.0006743685827589171,,,,,
lrp,206,8.267357349395752,171796.41455218205,8044.5235242854105,best_lagrangian_dual,2831.958854715489,0.0006721531177361371,,,,,
lrp,207,8.305785655975342,171826.6828313504,8014.255245117063,best_lagrangian_dual,2862.1523687320514,0.0006561990705933751,,,,,
lrp,208,8.345112800598145,171860.33968085074,7980.598395616718,best_lagrangian_dual,2828.4074822468124,0.0006698467237184932,,,,,
lrp,209,8.387920379638672,171896.3072582385,7944.630818228965,best_lagrangian_dual,2831.607071430529,0.0006660908579868006,,,,,
lrp,210,8.428123235702515,171925.77178317826,7915.166293289192,best_lagrangian_dual,2861.8042969449198,0.0006503092601262946,,,,,
lrp,211,8.469234704971313,171955.7755229255,7885.162553541944,best_lagrangian_dual,2827.615775275395,0.0006642537147025162,,,,,
lrp,212,8.51394009590149,171988.86055585637,7852.077520611085,best_lagrangian_dual,2831.16814084893,0.0006605240232367045,,,,,
lrp,213,8.552976846694946,172016.8645343965,7824.073542070953,best_lagrangian_dual,2855.9366643121816,0.0006474000314492649,,,,,
lrp,214,8.598917007446289,172046.36462548267,7794.5734509847825,best_lagrangian_dual,2827.540303804869,0.0006586238041383891,,,,,
lrp,215,8.642393112182617,172077.949772977,7762.988303490449,best_lagrangian_dual,2831.0927640776167,0.00065500160044013,,,,,
lrp,216,8.684620141983032,172104.9123095827,7736.025766884763,best_lagrangian_dual,2861.2954174376455,0.0006396000625658889,,,,,
lrp,217,8.724487781524658,172134.06411147155,7706.8739649959025,best_lagrangian_dual,2824.9561243579456,0.0006543346356233098,,,,,
lrp,218,8.766268968582153,172165.08847384548,7675.84960262198,best_lagrangian_dual,2861.1567248254546,0.0006359866165667993,,,,,
lrp,219,8.806479692459106,172189.9197278839,7651.018348583544,best_lagrangian_dual,2824.8156475621054,0.0006508998087335539,,,,,
lrp,220,8.846706867218018,172221.7519994102,7619.1860770572675,best_lagrangian_dual,2830.952591792539,0.0006460948550526421,,,,,
lrp,221,8.889752626419067,172249.53183664687,7591.406239820586,best_lagrangian_dual,2861.1567248254546,0.0006308289622737515,,,,,
lrp,222,8.92939043045044,172275.69179749023,7565.246278977225,best_lagrangian_dual,2827.3999554016373,0.0006443458279862226,,,,,
lrp,223,8.969082117080688,172307.0070033629,7533.931073104555,best_lagrangian_dual,2830.952591792539,0.0006407759199667415,,,,,
lrp,224,9.008578538894653,172334.96998872564,7505.968087741814,best_lagrangian_dual,2855.7229847766216,0.0006279935796799595,,,,,
lrp,225,9.04988169670105,172360.68920832095,7480.248868146504,best_lagrangian_dual,2824.8156475621054,0.0006401994080382636,,,,,
lrp,226,9.097643613815308,172391.29494701634,7449.643129451113,best_lagrangian_dual,2830.679653654679,0.0006356398792261909,,,,,
lrp,227,9.156219482421875,172415.52249016278,7425.415586304676,best_lagrangian_dual,2860.886668264159,0.0006208077278239195,,,,,
lrp,228,9.195834159851074,172442.7030541125,7398.235022354958,best_lagrangian_dual,2824.5421164056656,0.0006351834332228842,,,,,
lrp,229,9.238621950149536,172471.4718892685,7369.4661871989665,best_lagrangian_dual,2860.886668264159,0.0006173897902760305,,,,,
lrp,230,9.287940263748169,172494.93102458352,7346.007051883935,best_lagrangian_dual,2824.5421164056656,0.0006319101992914668,,,,,
lrp,231,9.329773902893066,172525.00475438303,7315.933322084427,best_lagrangian_dual,2830.679653654679,0.0006272963110133419,,,,,
lrp,232,9.37149953842163,172550.56679212136,7290.371284346096,best_lagrangian_dual,2860.886668264159,0.0006125578985555012,,,,,
lrp,233,9.413828611373901,172575.45609561662,7265.481980850833,best_lagrangian_dual,2827.1266742830717,0.0006257178953055561,,,,,
lrp,234,9.475209951400757,172604.90525604846,7236.032820419001,best_lagrangian_dual,2830.679653654679,0.0006223104741550319,,,,,
lrp,235,9.51878309249878,172630.65390136416,7210.2841751032975,best_lagrangian_dual,2855.452414315318,0.0006099805081073589,,,,,
lrp,236,9.560033321380615,172654.99231473266,7185.945761734794,best_lagrangian_dual,2824.5421164056656,0.0006218788302511304,,,,,
lrp,237,9.602262020111084,172684.30940300136,7156.628673466097,best_lagrangian_dual,2860.886668264159,0.0006043875893334881,,,,,
lrp,238,9.652741432189941,172706.1402813338,7134.797795133665,best_lagrangian_dual,2824.5421164056656,0.0006186732823753096,,,,,
lrp,239,9.69539999961853,172735.7272690729,7105.2108073945565,best_lagrangian_dual,2830.679653654679,0.0006141471059555828,,,,,
lrp,240,9.73626971244812,172761.73805561452,7079.200020852935,best_lagrangian_dual,2860.886668264159,0.0005996574885052563,,,,,
lrp,241,9.778498649597168,172785.00462947032,7055.933446997136,best_lagrangian_dual,2824.5421164056656,0.0006137306920741447,,,,,
lrp,242,9.82040023803711,172814.36468679874,7026.573389668716,best_lagrangian_dual,2830.679653654679,0.0006092400862552364,,,,,
lrp,243,9.863371133804321,172838.73546673375,7002.2026097337075,best_lagrangian_dual,2860.886668264159,0.0005949537321332275,,,,,
lrp,244,9.90978455543518,172863.26821040316,6977.6698660643015,best_lagrangian_dual,2824.5421164056656,0.0006088257530846865,,,,,
lrp,245,9.952975749969482,172892.33284790156,6948.605228565895,best_lagrangian_dual,2855.452414315318,0.0005939336898890887,,,,,
lrp,246,9.996970653533936,172914.45688259398,6926.481193873478,best_lagrangian_dual,2824.5421164056656,0.0006056176541061484,,,,,
lrp,247,10.04495096206665,172942.38053467154,6898.557541795919,best_lagrangian_dual,2830.679653654679,0.0006012518243611541,,,,,
lrp,248,10.087188005447388,172966.9753400575,6873.962736409943,best_lagrangian_dual,2860.886668264159,0.0005871195840427057,,,,,
lrp,249,10.128806352615356,172991.41446634496,6849.523610122502,best_lagrangian_dual,2827.1266742830717,0.0005996965745393147,,,,,
lrp,250,10.170591354370117,173019.029794202,6821.908282265445,best_lagrangian_dual,2830.679653654679,0.000596468866865725,,,,,
lrp,251,10.212187051773071,173043.91313073382,6797.024945733632,best_lagrangian_dual,2860.886668264159,0.0005824194698715535,,,,,
lrp,252,10.253273010253906,173066.71328510976,6774.224791357701,best_lagrangian_dual,2824.5421164056656,0.0005960754333670389,,,,,
lrp,253,10.294174194335938,173095.36645148494,6745.57162498252,best_lagrangian_dual,2830.679653654679,0.0005917054159287696,,,,,
lrp,254,10.335272073745728,173118.66473818693,6722.273338280531,best_lagrangian_dual,2860.886668264159,0.0005778529091941762,,,,,
lrp,255,10.377397298812866,173142.72552805438,6698.212548413081,best_lagrangian_dual,2824.5421164056656,0.0005913115903425905,,,,,
lrp,256,10.420515298843384,173170.67976925775,6670.258307209704,best_lagrangian_dual,2855.35258152392,0.0005769050880768321,,,,,
lrp,257,10.460906982421875,173192.09062318888,6648.847453278577,best_lagrangian_dual,2824.5421164056656,0.0005882177786749218,,,,,
lrp,258,10.502004384994507,173218.97061794234,6621.96745852512,best_lagrangian_dual,2830.5789471432713,0.0005840340008475897,,,,,
lrp,259,10.542601346969604,173242.1205362265,6598.817540240969,best_lagrangian_dual,2860.78702511175,0.0005703507486324856,,,,,
lrp,260,10.583551406860352,173265.94038615434,6574.997690313117,best_lagrangian_dual,2827.025841204674,0.0005825644710865042,,,,,
lrp,261,10.623448133468628,173292.22558824168,6548.712488225778,best_lagrangian_dual,2827.4730217750803,0.0005807362800136772,,,,,
lrp,262,10.665428876876831,173314.54161890334,6526.396457564115,best_lagrangian_dual,2857.7139317823494,0.000567144063141137,,,,,
lrp,263,10.704176664352417,173336.4113724449,6504.526704022544,best_lagrangian_dual,2824.888780779243,0.0005790307605631081,,,,,
lrp,264,10.744345664978027,173362.22569911016,6478.712377357297,best_lagrangian_dual,2827.4730217750803,0.0005763583199800879,,,,,
lrp,265,10.78598403930664,173384.26521895203,6456.672857515427,best_lagrangian_dual,2857.7139317823494,0.0005628751992966146,,,,,
lrp,266,10.827221870422363,173406.43732847823,6434.500747989223,best_lagrangian_dual,2824.888780779243,0.0005746431674766201,,,,,
lrp,267,10.874358415603638,173431.73827348763,6409.199802979827,best_lagrangian_dual,2827.4730217750803,0.0005720108515449558,,,,,
lrp,268,10.924225807189941,173453.39664534913,6387.541431118327,best_lagrangian_dual,2857.813682084051,0.000558603594093329,,,,,
lrp,269,10.969756841659546,173475.89393940408,6365.044137063378,best_lagrangian_dual,2824.888780779243,0.0005702912476575733,,,,,
lrp,270,11.012825727462769,173500.68546977264,6340.252606694819,best_lagrangian_dual,2827.4730217750803,0.000567698743092286,,,,,
lrp,271,11.054051160812378,173522.02750712482,6318.910569342639,best_lagrangian_dual,2857.7139317823494,0.0005544406312205426,,,,,
lrp,272,11.096405506134033,173544.57677926146,6296.361297205993,best_lagrangian_dual,2827.4730217750803,0.0005649536846005214,,,,,
lrp,273,11.136149168014526,173568.79728961622,6272.140786851232,best_lagrangian_dual,2827.4730217750803,0.0005634388809093459,,,,,
lrp,274,11.17572021484375,173591.5934799578,6249.344596509647,best_lagrangian_dual,2857.7139317823494,0.0005501814181846637,,,,,
lrp,275,11.213770627975464,173611.87513825193,6229.062938215531,best_lagrangian_dual,2824.888780779243,0.0005617711188117316,,,,,
lrp,276,11.254409074783325,173636.72249978944,6204.21557667802,best_lagrangian_dual,2827.4730217750803,0.000559190689703332,,,,,
lrp,277,11.294269323348999,173659.1841302904,6181.75394617705,best_lagrangian_dual,2857.7139317823494,0.0005460431453010047,,,,,
lrp,278,11.334776163101196,173679.78406668632,6161.154009781138,best_lagrangian_dual,2824.989690136285,0.0005574763430906686,,,,,
lrp,279,11.378618955612183,173704.12073268782,6136.817343779636,best_lagrangian_dual,2827.4730217750803,0.0005549754568086577,,,,,
lrp,280,11.424613237380981,173726.24226486112,6114.695811606332,best_lagrangian_dual,2857.7139317823494,0.0005419374759731135,,,,,
lrp,281,11.470017433166504,173747.0256291232,6093.91244734425,best_lagrangian_dual,2827.4730217750803,0.0005522920907466765,,,,,
lrp,282,11.523988485336304,173770.70331575023,6070.234760717227,best_lagrangian_dual,2827.4730217750803,0.0005508112364386637,,,,,
lrp,283,11.567588567733765,173794.24499774544,6046.693078722019,best_lagrangian_dual,2857.7139317823494,0.0005377739731199069,,,,,
lrp,284,11.60684323310852,173812.70027187554,6028.237804591918,best_lagrangian_dual,2824.888780779243,0.0005491880850654919,,,,,
lrp,285,11.645859241485596,173837.10380184161,6003.834274625842,best_lagrangian_dual,2827.4730217750803,0.0005466584048115087,,,,,
lrp,286,11.695688486099243,173860.31694289477,5980.621133572684,best_lagrangian_dual,2857.7139317823494,0.0005337286837546375,,,,,
lrp,287,11.736960172653198,173879.11291013804,5961.825166329421,best_lagrangian_dual,2824.888780779243,0.0005450268904313581,,,,,
lrp,288,11.777005195617676,173903.01153904363,5937.926537423831,best_lagrangian_dual,2827.5738389067346,0.0005424977032025015,,,,,
lrp,289,11.818147659301758,173925.8683048786,5915.069771588867,best_lagrangian_dual,2857.7139317823494,0.0005297152673656887,,,,,
lrp,290,11.858432292938232,173944.89468155606,5896.043394911394,best_lagrangian_dual,2827.4847424980285,0.0005399124512336055,,,,,
lrp,291,11.900513410568237,173968.07741781173,5872.860658655729,best_lagrangian_dual,2827.4847424980285,0.0005384625642247992,,,,,
lrp,292,11.945560455322266,173991.17336782048,5849.764708646981,best_lagrangian_dual,2827.4730217750803,0.0005370225571838499,,,,,
lrp,293,11.986002683639526,174010.96408183847,5829.973994628992,best_lagrangian_dual,2857.7139317823494,0.0005245052339576048,,,,,
lrp,294,12.029024839401245,174032.2435984738,5808.694477993646,best_lagrangian_dual,2824.9005122244,0.0005354277845624761,,,,,
lrp,295,12.07218623161316,174055.86027121238,5785.077805255074,best_lagrangian_dual,2827.4847424980285,0.0005329724780961416,,,,,
lrp,296,12.114695310592651,174069.49739673952,5771.440679727937,best_lagrangian_dual,2832.210256931626,0.000530345398450171,,,,,
lrp,297,12.155175685882568,174087.6357201272,5753.302356340253,best_lagrangian_dual,2799.157488841636,0.0005417866248839107,,,,,
lrp,298,12.19619870185852,174103.43073252856,5737.507343938894,best_lagrangian_dual,2836.906113677381,0.0005264829428589734,,,,,
lrp,299,12.242946863174438,174117.5202358216,5723.417840645852,best_lagrangian_dual,2798.505988016538,0.000540130977692993,,,,,
lrp,300,12.29421854019165,174132.33420000624,5708.603876461217,best_lagrangian_dual,2831.5663610614733,0.0005266680291202314,,,,,
lrp,301,12.336857080459595,174146.7116194611,5694.226457006356,best_lagrangian_dual,2824.254949821613,0.0005284971821222272,,,,,
lrp,302,12.376674175262451,174161.40536705524,5679.5327094122185,best_lagrangian_dual,2801.085277787795,0.0005363400827363441,,,,,
lrp,303,12.41828179359436,174175.33369779857,5665.604378668882,best_lagrangian_dual,2831.537384615742,0.0005239972406204315,,,,,
lrp,304,12.46440839767456,174190.86737331343,5650.070703154022,best_lagrangian_dual,2826.810745357211,0.000524779065571344,,,,,
lrp,305,12.507656812667847,174204.13448866166,5636.8035878058,best_lagrangian_dual,2801.085277787795,0.0005336171224489135,,,,,
lrp,306,12.550657033920288,174219.26941516896,5621.668661298492,best_lagrangian_dual,2831.537384615742,0.0005212572875380034,,,,,
lrp,307,12.595543384552002,174233.09104288815,5607.84703357931,best_lagrangian_dual,2798.4766692516955,0.0005327636816968183,,,,,
lrp,308,12.638089656829834,174246.28314696375,5594.654929503711,best_lagrangian_dual,2836.0395872083236,0.0005179243064016519,,,,,
lrp,309,12.678958177566528,174260.7001021574,5580.237974310061,best_lagrangian_dual,2798.4766692516955,0.0005310009823959422,,,,,
lrp,310,12.719161748886108,174277.18098129611,5563.757095171342,best_lagrangian_dual,2831.537384615742,0.0005176457617996014,,,,,
lrp,311,12.759658098220825,174288.28953689864,5552.648539568821,best_lagrangian_dual,2824.225898361093,0.0005196330897159929,,,,,
lrp,312,12.804091930389404,174303.46681641132,5537.471260056132,best_lagrangian_dual,2799.7803151316557,0.0005277787064891661,,,,,
lrp,313,12.846665382385254,174318.51941139644,5522.418665071018,best_lagrangian_dual,2811.5972468371515,0.0005223995173116525,,,,,
lrp,314,12.887407779693604,174333.62107322394,5507.3170032435155,best_lagrangian_dual,2824.225898361093,0.0005167914332116783,,,,,
lrp,315,12.92646861076355,174342.0186464957,5498.919429971749,best_lagrangian_dual,2830.2464627724107,0.0005140709370562983,,,,,
lrp,316,12.966149806976318,174358.39317327333,5482.544903194124,best_lagrangian_dual,2797.123112132712,0.0005252717723564315,,,,,
lrp,317,13.005170822143555,174372.77319530872,5468.1648811587365,best_lagrangian_dual,2856.5222165468554,0.0005027725238611556,,,,,
lrp,318,13.046340942382812,174382.56241214552,5458.3756643219385,best_lagrangian_dual,2797.1973834557202,0.000523699382771417,,,,,
lrp,319,13.084461450576782,174397.73537214423,5443.202704323223,best_lagrangian_dual,2808.4233238675097,0.0005185591794364491,,,,,
lrp,320,13.126366376876831,174410.51619688424,5430.421879583213,best_lagrangian_dual,2824.1515988834485,0.0005119981178584403,,,,,
lrp,321,13.164604663848877,174421.41999838132,5419.518078086141,best_lagrangian_dual,2829.677608586914,0.0005093194473240399,,,,,
lrp,322,13.205952882766724,174436.9377716069,5404.000304860558,best_lagrangian_dual,2797.09547145028,0.0005202625233243158,,,,,
lrp,323,13.247395753860474,174447.07700146074,5393.861075006716,best_lagrangian_dual,2835.5127030230406,0.0005056298271864831,,,,,
lrp,324,13.288420677185059,174461.83160503412,5379.106471433333,best_lagrangian_dual,2796.936737764193,0.0005187304811832567,,,,,
lrp,325,13.333184480667114,174472.50328376665,5368.434792700806,best_lagrangian_dual,2829.341618920819,0.0005062497780105585,,,,,
lrp,326,13.375212907791138,174483.70161494962,5357.236461517838,best_lagrangian_dual,2823.6730220763066,0.0005075821829492879,,,,,
lrp,327,13.420331001281738,174494.82685128957,5346.111225177883,best_lagrangian_dual,2808.084791109833,0.0005125277636055406,,,,,
lrp,328,13.462504148483276,174508.8142001565,5332.123876310943,best_lagrangian_dual,2850.1320027892434,0.0004966560049208752,,,,,
lrp,329,13.502381086349487,174515.61894446443,5325.319132003031,best_lagrangian_dual,2796.714194217409,0.000515374658402446,,,,,
lrp,330,13.542519092559814,174529.77555209622,5311.162524371233,best_lagrangian_dual,2808.084791109833,0.0005103117082454328,,,,,
lrp,331,13.581376552581787,174541.1717305356,5299.766345931857,best_lagrangian_dual,2823.594950893746,0.0005040060654778863,,,,,
lrp,332,13.620136737823486,174548.4253124637,5292.512764003768,best_lagrangian_dual,2829.2637041584853,0.0005015353404473325,,,,,
lrp,333,13.658343076705933,174562.4356710127,5278.502405454754,best_lagrangian_dual,2796.5334379628607,0.0005124481164283377,,,,,
lrp,334,13.69771432876587,174573.40517258854,5267.5329038789205,best_lagrangian_dual,2856.0151058313522,0.0004906526677393809,,,,,
lrp,335,13.737811803817749,174582.33449992203,5258.603576545429,best_lagrangian_dual,2796.5334379628607,0.00051117591028254,,,,,
lrp,336,13.77772045135498,174594.75127826064,5246.186798206822,best_lagrangian_dual,2808.0062865267,0.0005062199790969069,,,,,
lrp,337,13.81827163696289,174605.33215539058,5235.605921076873,best_lagrangian_dual,2823.594950893746,0.0004999823020206902,,,,,
lrp,338,13.857559204101562,174615.09098326002,5225.8470932074415,best_lagrangian_dual,2829.0696182261127,0.0004974394454916517,,,,,
lrp,339,13.894506931304932,174627.74622721734,5213.191849250114,best_lagrangian_dual,2796.4390199590785,0.0005083068925071268,,,,,
lrp,340,13.936396837234497,174634.75938434282,5206.1786921246385,best_lagrangian_dual,2834.764589757533,0.0004942189813882878,,,,,
lrp,341,13.983425855636597,174647.95961579002,5192.978460677434,best_lagrangian_dual,2796.337080315216,0.0005070514549250477,,,,,
lrp,342,14.0254545211792,174656.90363751352,5184.034438953939,best_lagrangian_dual,2855.822837964274,0.000485599726287822,,,,,
lrp,343,14.063665390014648,174666.56098492316,5174.377091544302,best_lagrangian_dual,2796.337080315216,0.0005058620331848142,,,,,
lrp,344,14.103414297103882,174677.1653827057,5163.77269376177,best_lagrangian_dual,2807.8107312058833,0.0005010636947809001,,,,,
lrp,345,14.143478393554688,174688.75862336069,5152.179453106772,best_lagrangian_dual,2849.8835756353415,0.000485664780379194,,,,,
lrp,346,14.190564393997192,174695.45700829022,5145.481068177236,best_lagrangian_dual,2795.8608889256434,0.0005041860456693471,,,,,
lrp,347,14.238649606704712,174706.9956836952,5133.942392772267,best_lagrangian_dual,2807.3364860225033,0.0004993404868622258,,,,,
lrp,348,14.278380155563354,174715.11318846722,5125.824888000236,best_lagrangian_dual,2822.950644349359,0.0004933225965955552,,,,,
lrp,349,14.320533037185669,174721.45268100497,5119.485395462485,best_lagrangian_dual,2828.699714330273,0.0004909232275251714,,,,,
lrp,350,14.360564231872559,174733.1423630785,5107.795713388943,best_lagrangian_dual,2795.8828951449636,0.0005017676226178345,,,,,
lrp,351,14.39982557296753,174740.73283799965,5100.20523846781,best_lagrangian_dual,2834.294854601662,0.0004877868662380083,,,,,
lrp,352,14.44082498550415,174749.91083665565,5091.02723981181,best_lagrangian_dual,2822.6023916035474,0.0004912604980677187,,,,,
lrp,353,14.483447790145874,174757.7549126008,5083.183163866663,best_lagrangian_dual,2791.8182274195574,0.0005016508629343667,,,,,
lrp,354,14.526324272155762,174766.6233916219,5074.314684845565,best_lagrangian_dual,2852.0269167829247,0.00048014874352859737,,,,,
lrp,355,14.566157341003418,174772.8453468133,5068.092729654163,best_lagrangian_dual,2791.8402655044893,0.0005006749091623744,,,,,
lrp,356,14.606307744979858,174785.45934678582,5055.478729681636,best_lagrangian_dual,2830.94043235798,0.00048615307703988084,,,,,
lrp,357,14.645524263381958,174789.4767141012,5051.461362366244,best_lagrangian_dual,2796.1659273095156,0.0004980634369769328,,,,,
lrp,358,14.687660217285156,174799.06968630338,5041.868390164076,best_lagrangian_dual,2825.2377522937845,0.0004872650683989124,,,,,
lrp,359,14.726135015487671,174806.243147967,5034.694928500452,best_lagrangian_dual,2819.306838091009,0.0004888660757703937,,,,,
lrp,360,14.769832372665405,174814.9260649718,5026.012011495652,best_lagrangian_dual,2796.023147068064,0.0004964866403499344,,,,,
lrp,361,14.808777809143066,174822.50882917867,5018.42924728879,best_lagrangian_dual,2825.2377522937845,0.00048579681258612337,,,,,
lrp,362,14.847574710845947,174829.8970766884,5011.04099977907,best_lagrangian_dual,2819.2275493196635,0.00048740553958860015,,,,,
lrp,363,14.885762929916382,174838.91080781454,5002.027268652921,best_lagrangian_dual,2825.2377522937845,0.00048476937311866955,,,,,
lrp,364,14.925558805465698,174845.4468085024,4995.491267965059,best_lagrangian_dual,2792.101671614875,0.0004959247355467993,,,,,
lrp,365,14.964051246643066,174854.5376300779,4986.400446389569,best_lagrangian_dual,2819.0859370967523,0.00048590425141156946,,,,,
lrp,366,15.001020669937134,174861.29989358762,4979.638182879833,best_lagrangian_dual,2825.2377522937845,0.0004833668941328006,,,,,
lrp,367,15.040136575698853,174870.49775206813,4970.440324399329,best_lagrangian_dual,2792.1237074625965,0.0004943102448005961,,,,,
lrp,368,15.080259561538696,174878.61363730187,4962.32443916559,best_lagrangian_dual,2852.0269167829247,0.00047326471023948467,,,,,
lrp,369,15.129867315292358,174883.9173262863,4957.020750181167,best_lagrangian_dual,2792.2037658878776,0.0004934212732309613,,,,,
lrp,370,15.177016496658325,174895.88695857118,4945.051117896277,best_lagrangian_dual,2819.0859370967523,0.0004833027633623202,,,,,
lrp,371,15.217947959899902,174899.85792607136,4941.080150396097,best_lagrangian_dual,2825.2377522937845,0.00048095157307668617,,,,,
lrp,372,15.261999607086182,174908.8312561322,4932.1068203352625,best_lagrangian_dual,2792.1237074625965,0.0004918516938560082,,,,,
lrp,373,15.302675008773804,174919.634805159,4921.303271308454,best_lagrangian_dual,2823.0677573994894,0.0004804504865441746,,,,,
lrp,374,15.34429931640625,174923.14662871047,4917.791447756987,best_lagrangian_dual,2825.2595296938885,0.00047948534908606516,,,,,
lrp,375,15.384446859359741,174933.00890645228,4907.929170015181,best_lagrangian_dual,2792.101671614875,0.0004903087794295997,,,,,
lrp,376,15.42424201965332,174942.2871988239,4898.650877643551,best_lagrangian_dual,2852.0269167829247,0.00046935070045682324,,,,,
lrp,377,15.464133977890015,174946.30783822632,4894.630238241138,best_lagrangian_dual,2792.1237074625965,0.0004894481023097347,,,,,
lrp,378,15.504342794418335,174958.3151988186,4882.622877648857,best_lagrangian_dual,2791.9586835281607,0.0004887357704804551,,,,,
lrp,379,15.544118404388428,174963.05093347863,4877.887142988824,best_lagrangian_dual,2851.8951454300955,0.0004681176106050223,,,,,
lrp,380,15.581812381744385,174970.56325712823,4870.374819339224,best_lagrangian_dual,2792.0955535911326,0.0004879023002833382,,,,,
lrp,381,15.623803615570068,174980.77617277022,4860.161903697241,best_lagrangian_dual,2825.08295282092,0.00047593491087552167,,,,,
lrp,382,15.664045333862305,174983.31940138745,4857.618675080012,best_lagrangian_dual,2819.120374334498,0.0004777902884944654,,,,,
lrp,383,15.70496153831482,174993.91422439084,4847.023852076614,best_lagrangian_dual,2803.556716857328,0.00048243584366670065,,,,,
lrp,384,15.748132705688477,175001.84471605625,4839.093360411207,best_lagrangian_dual,2796.057868355305,0.0004845198396009509,,,,,
lrp,385,15.788364887237549,175005.05046306222,4835.887613405241,best_lagrangian_dual,2851.4228921539725,0.0004656898806129472,,,,,
lrp,386,15.8318190574646,175012.97135196612,4827.966724501341,best_lagrangian_dual,2791.793289916015,0.0004852874330042448,,,,,
lrp,387,15.883909225463867,175021.726281821,4819.211794646457,best_lagrangian_dual,2851.6560334458522,0.0004645884092428036,,,,,
lrp,388,15.923601388931274,175023.76331892068,4817.174757546774,best_lagrangian_dual,2791.771251460261,0.0004846027683356766,,,,,
lrp,389,15.96705412864685,175034.6551472698,4806.282929197652,best_lagrangian_dual,2791.6502860340165,0.0004839459726827434,,,,,
lrp,390,16.006919860839844,175038.29373973614,4802.644336731319,best_lagrangian_dual,2851.755995644087,0.0004635372454162996,,,,,
lrp,391,16.047876358032227,175045.23156904776,4795.706507419702,best_lagrangian_dual,2791.793289916015,0.0004832179075537035,,,,,
lrp,392,16.08589744567871,175053.80120431987,4787.136872147588,best_lagrangian_dual,2824.627999017118,0.00047151188778706633,,,,,
lrp,393,16.12545919418335,175057.55848925374,4783.3795872137125,best_lagrangian_dual,2818.8784822244943,0.00047320086095700844,,,,,
lrp,394,16.173070669174194,175066.20387689446,4774.734199572995,best_lagrangian_dual,2803.3573770528114,0.0004779051825241284,,,,,
lrp,395,16.215280771255493,175073.69354722838,4767.244529239077,best_lagrangian_dual,2795.8139808921474,0.0004800084481239425,,,,,
lrp,396,16.255071878433228,175076.34040519566,4764.597671271797,best_lagrangian_dual,2851.4444695697343,0.00046129885407026434,,,,,
lrp,397,16.295150756835938,175084.74576064548,4756.192315821972,best_lagrangian_dual,2791.771251460261,0.0004806906214516846,,,,,
lrp,398,16.333819150924683,175092.86429303867,4748.073783428787,best_lagrangian_dual,2851.6560334458522,0.0004602144226813267,,,,,
lrp,399,16.372916221618652,175095.4564816082,4745.481594859244,best_lagrangian_dual,2791.793289916015,0.00047999592877618816,,,,,
lrp,400,16.412846565246582,175106.0393082372,4734.898768230254,best_lagrangian_dual,2795.773146599985,0.00047795336025579084,,,,,
lrp,401,16.4543354511261,175110.0336755684,4730.904400899046,best_lagrangian_dual,2851.677609097534,0.0004591517993627959,,,,,
lrp,402,16.493927478790283,175116.03604937805,4724.902027089411,best_lagrangian_dual,2791.628246449321,0.00047873232987138454,,,,,
lrp,403,16.532144784927368,175125.16340210818,4715.7746743592725,best_lagrangian_dual,2824.6497811182794,0.00046703254151908514,,,,,
lrp,404,16.571252584457397,175128.5355451387,4712.402531328757,best_lagrangian_dual,2818.8784822244943,0.00046873469068629305,,,,,
lrp,405,16.611182689666748,175136.7239185768,4704.214157890645,best_lagrangian_dual,2803.335429508271,0.0004734259098703466,,,,,
lrp,406,16.650739192962646,175144.69210684474,4696.245969622716,best_lagrangian_dual,2795.8359874806843,0.0004754594246868871,,,,,
lrp,407,16.68981170654297,175148.04046827767,4692.897608189785,best_lagrangian_dual,2851.6560334458522,0.0004568218644009072,,,,,
lrp,408,16.729392528533936,175154.24994850773,4686.688127959729,best_lagrangian_dual,2791.421935315957,0.0004763509852619268,,,,,
lrp,409,16.768816709518433,175162.8748945606,4678.063181906851,best_lagrangian_dual,2824.2609617693693,0.0004647972171217781,,,,,
lrp,410,16.809694528579712,175163.27878203944,4677.659294428013,best_lagrangian_dual,2818.6118339521545,0.00046663678001521494,,,,,
lrp,411,16.851012468338013,175172.76097090513,4668.177105562325,best_lagrangian_dual,2791.2789124085757,0.00047521186374667554,,,,,
lrp,412,16.89378046989441,175176.66170094296,4664.276375524496,best_lagrangian_dual,2854.829003273065,0.00045405107558293875,,,,,
lrp,413,16.941718816757202,175180.40716632575,4660.530910141708,best_lagrangian_dual,2791.421935315957,0.0004746725268715341,,,,,
lrp,414,16.983169078826904,175188.73749870688,4652.200577760581,best_lagrangian_dual,2824.2609617693693,0.00046317603199490134,,,,,
lrp,415,17.02584981918335,175192.14512434872,4648.7929521187325,best_lagrangian_dual,2818.510696252768,0.0004648534057654472,,,,,
lrp,416,17.06539297103882,175197.75022630076,4643.187850166694,best_lagrangian_dual,2804.3352536480943,0.00046920843094092355,,,,,
lrp,417,17.10598611831665,175204.30274623734,4636.635330230114,best_lagrangian_dual,2797.091409219984,0.0004712231089312579,,,,,
lrp,418,17.14534020423889,175209.14665267302,4631.791423794435,best_lagrangian_dual,2854.850554944896,0.0004520513203761246,,,,,
lrp,419,17.1846284866333,175211.15469200985,4629.783384457609,best_lagrangian_dual,2791.399893928311,0.00047270698231602793,,,,,
lrp,420,17.226417541503906,175220.8429778719,4620.0950985955715,best_lagrangian_dual,2803.0892523113275,0.00046815615177903184,,,,,
lrp,421,17.266665935516357,175223.18420223045,4617.753874237009,best_lagrangian_dual,2819.85097636832,0.00046245985911120955,,,,,
lrp,422,17.306065559387207,175228.75778555384,4612.180290913617,best_lagrangian_dual,2827.831295829438,0.0004595048642227848,,,,,
lrp,423,17.34453320503235,175234.56407641474,4606.374000052718,best_lagrangian_dual,2791.421935315957,0.0004711973820465375,,,,,
lrp,424,17.383015155792236,175239.42902038875,4601.509056078707,best_lagrangian_dual,2824.006210066513,0.00046008145394516145,,,,,
lrp,425,17.422987699508667,175244.7621263727,4596.175950094766,best_lagrangian_dual,2804.5723092910134,0.00046614067499336305,,,,,
lrp,426,17.462867498397827,175251.9915482519,4588.946528215543,best_lagrangian_dual,2823.1397286193182,0.00045957581303785296,,,,,
lrp,427,17.502122402191162,175252.8130018875,4588.1250745799625,best_lagrangian_dual,2827.831295829438,0.00045800077957575456,,,,,
lrp,428,17.541807174682617,175259.40807520662,4581.530001260835,best_lagrangian_dual,2790.4022684321567,0.00046994645725535625,,,,,
lrp,429,17.58371591567993,175265.94558283337,4574.992493634083,best_lagrangian_dual,2831.5352658884735,0.0004559843437407135,,,,,
lrp,430,17.62636113166809,175269.45389947348,4571.484176993981,best_lagrangian_dual,2791.8581499261913,0.00046881203550161715,,,,,
lrp,431,17.664822340011597,175274.84886169055,4566.089214776905,best_lagrangian_dual,2827.831295829438,0.00045662295790272633,,,,,
lrp,432,17.704630613327026,175279.24550412197,4561.6925723454915,best_lagrangian_dual,2817.50083293679,0.00045970061823513914,,,,,
lrp,433,17.742902040481567,175285.4239961555,4555.5140803119575,best_lagrangian_dual,2804.3352536480943,0.0004636342659133433,,,,,
lrp,434,17.78586769104004,175291.25272538135,4549.685351086111,best_lagrangian_dual,2796.073809869918,0.00046600530060390334,,,,,
lrp,435,17.824562788009644,175294.78276085734,4546.1553156101145,best_lagrangian_dual,2854.617674554821,0.0004468705847792672,,,,,
lrp,436,17.86345410346985,175298.43908757524,4542.498988892214,best_lagrangian_dual,2790.3802189900985,0.0004674474688652867,,,,,
lrp,437,17.903536081314087,175307.54225105356,4533.3958254139,best_lagrangian_dual,2804.5723092910134,0.0004621498848150894,,,,,
lrp,438,17.941903114318848,175309.05167276994,4531.886403697514,best_lagrangian_dual,2818.8415932140656,0.00045738783947719497,,,,,
lrp,439,17.98077082633972,175315.2096343633,4525.728442104155,best_lagrangian_dual,2827.831295829438,0.0004540993464881646,,,,,
lrp,440,18.020922422409058,175320.13837145915,4520.799705008307,best_lagrangian_dual,2817.5226701376514,0.00045711786686609187,,,,,
lrp,441,18.067026138305664,175325.02802339915,4515.910053068306,best_lagrangian_dual,2796.0329793723936,0.0004638587573550074,,,,,
lrp,442,18.110294342041016,175330.50676160675,4510.431314860703,best_lagrangian_dual,2804.5723092910134,0.00046069008294896647,,,,,
lrp,443,18.154552221298218,175337.16317553705,4503.77490093041,best_lagrangian_dual,2823.1397286193182,0.0004542326281526393,,,,,
lrp,444,18.21365213394165,175338.3898219259,4502.548254541558,best_lagrangian_dual,2827.831295829438,0.00045264997418801174,,,,,
lrp,445,18.25298237800598,175344.7954998778,4496.1425765896565,best_lagrangian_dual,2790.4022684321567,0.00046446330523417575,,,,,
lrp,446,18.292505979537964,175350.78134589773,4490.1567305697245,best_lagrangian_dual,2829.965610170483,0.00045119384064810106,,,,,
lrp,447,18.335496425628662,175355.4786353692,4485.459441098268,best_lagrangian_dual,2791.756043014044,0.00046332760840982407,,,,,
lrp,448,18.381333112716675,175359.03174356345,4481.906332904007,best_lagrangian_dual,2828.0663819756437,0.00045128427400234066,,,,,
lrp,449,18.424508810043335,175364.5972637059,4476.340812761569,best_lagrangian_dual,2817.50083293679,0.0004543246786813516,,,,,
lrp,450,18.468567371368408,175370.15890122968,4470.779175237782,best_lagrangian_dual,2827.8530532565687,0.00045065663515775475,,,,,
lrp,451,18.5099196434021,175374.8217024062,4466.116374061268,best_lagrangian_dual,2790.4823762452065,0.0004625086170610182,,,,,
lrp,452,18.553386211395264,175379.97031717715,4460.967759290303,best_lagrangian_dual,2831.3221985358355,0.00044894099597737717,,,,,
lrp,453,18.59335207939148,175384.75165875402,4456.186417713441,best_lagrangian_dual,2796.073809869918,0.00046002560058234777,,,,,
lrp,454,18.631343603134155,175392.36826460078,4448.569811866677,best_lagrangian_dual,2804.3352536480943,0.00045683491187557883,,,,,
lrp,455,18.67100763320923,175393.3837529017,4447.554323565768,best_lagrangian_dual,2823.1397286193182,0.0004507056679572318,,,,,
lrp,456,18.709554195404053,175399.76165720428,4441.176419263182,best_lagrangian_dual,2824.4963450786845,0.0004498730913124566,,,,,
lrp,457,18.753406286239624,175402.87931003462,4438.058766432834,best_lagrangian_dual,2817.5226701376514,0.0004519064524605898,,,,,
lrp,458,18.795904874801636,175407.0194147364,4433.9186617310625,best_lagrangian_dual,2790.2371426860745,0.00046052209999760513,,,,,
lrp,459,18.835862398147583,175412.09034127888,4428.847735188581,best_lagrangian_dual,2803.2247241360833,0.0004559420509670992,,,,,
lrp,460,18.880133152008057,175417.90312694956,4423.034949517896,best_lagrangian_dual,2823.1397286193182,0.0004491674614795172,,,,,
lrp,461,18.929401397705078,175419.65120094892,4421.286875518534,best_lagrangian_dual,2824.361893557252,0.0004486692464908588,,,,,
lrp,462,18.967756986618042,175425.35521701782,4415.582859449642,best_lagrangian_dual,2790.4022684321567,0.00045929016436989693,,,,,
lrp,463,19.00735306739807,175429.29238500397,4411.645691463491,best_lagrangian_dual,2829.965610170483,0.0004462922344815256,,,,,
lrp,464,19.04614567756653,175433.91602334456,4407.022053122899,best_lagrangian_dual,2791.756043014044,0.00045829563662272264,,,,,
lrp,465,19.086265087127686,175439.49338419922,4401.44469226824,best_lagrangian_dual,2824.2609617693693,0.00044745751773632783,,,,,
lrp,466,19.125852346420288,175441.6839527873,4399.254123680148,best_lagrangian_dual,2817.50083293679,0.0004494693203041659,,,,,
lrp,467,19.16498327255249,175446.40814122217,4394.529935245286,best_lagrangian_dual,2803.108582194603,0.000453796050484628,,,,,
lrp,468,19.205111980438232,175452.32338809312,4388.614688374335,best_lagrangian_dual,2794.308453154099,0.0004562800492178824,,,,,
lrp,469,19.246196269989014,175454.6119276576,4386.326148809865,best_lagrangian_dual,2831.2072092107665,0.00044432152071954253,,,,,
lrp,470,19.289194583892822,175459.58034034597,4381.357736121485,best_lagrangian_dual,2790.263542408933,0.0004571378511296793,,,,,
lrp,471,19.33148431777954,175463.60457580822,4377.333500659239,best_lagrangian_dual,2854.6034861342578,0.00043651628574577754,,,,,
lrp,472,19.37547254562378,175465.31150614764,4375.626570319815,best_lagrangian_dual,2790.263542408933,0.00045676978781938714,,,,,
lrp,473,19.41902780532837,175472.294434688,4368.643641779461,best_lagrangian_dual,2803.086632702054,0.0004521558796313658,,,,,
lrp,474,19.463645935058594,175475.5795726762,4365.358503791271,best_lagrangian_dual,2821.413114305813,0.0004460946588147797,,,,,
lrp,475,19.507306575775146,175478.98925647128,4361.948819996178,best_lagrangian_dual,2827.716164546509,0.000443894950486557,,,,,
lrp,476,19.551337480545044,175482.6228439094,4358.3152325580595,best_lagrangian_dual,2790.2855927729947,0.0004556508283296741,,,,,
lrp,477,19.593384504318237,175488.108753934,4352.829322533449,best_lagrangian_dual,2829.850565721238,0.00044265619641375867,,,,,
lrp,478,19.634103775024414,175490.4950701112,4350.443006356247,best_lagrangian_dual,2794.4249608467276,0.00045379786093353234,,,,,
lrp,479,19.67407488822937,175497.64275201235,4343.295324455103,best_lagrangian_dual,2802.8714027555084,0.00045061203226539037,,,,,
lrp,480,19.713499784469604,175499.03403956728,4341.904036900174,best_lagrangian_dual,2823.024406000411,0.0004441140506641067,,,,,
lrp,481,19.761605978012085,175504.20884902406,4336.7292274434,best_lagrangian_dual,2828.073816075172,0.0004422060651038131,,,,,
lrp,482,19.809517860412598,175506.82833822438,4334.109738243074,best_lagrangian_dual,2790.263542408933,0.00045410352005191904,,,,,
lrp,483,19.869430780410767,175510.95277232074,4329.985304146714,best_lagrangian_dual,2817.2435746769293,0.00044518766985684685,,,,,
lrp,484,19.932860851287842,175515.3891897278,4325.548886739649,best_lagrangian_dual,2803.108582194603,0.00044940650095751767,,,,,
lrp,485,20.007691144943237,175521.257478252,4319.680598215462,best_lagrangian_dual,2832.0463878967685,0.00043990353384003463,,,,,
lrp,486,20.066833019256592,175521.257478252,4319.680598215462,best_lagrangian_dual,2795.97937634486,0.00045138602219130887,,,,,
lrp,487,20.126160621643066,175527.9579800413,4312.980096426152,best_lagrangian_dual,2790.1204601217787,0.0004527929820105102,,,,,
lrp,488,20.182873010635376,175527.9579800413,4312.980096426152,best_lagrangian_dual,2886.291174063962,0.0004233190278332234,,,,,
lrp,489,20.224353551864624,175529.23173821977,4311.706338247692,best_lagrangian_dual,2790.263542408933,0.00045266474304747487,,,,,
lrp,490,20.27756905555725,175537.43511104662,4303.502965420834,best_lagrangian_dual,2790.1204601217787,0.0004521842852635943,,,,,
lrp,491,20.339735507965088,175540.19074163018,4300.747334837273,best_lagrangian_dual,2836.248207834102,0.00043742427872691905,,,,,
lrp,492,20.407559394836426,175543.0163650945,4297.921711372968,best_lagrangian_dual,2791.6173842649987,0.0004513413855745734,,,,,
lrp,493,20.468361616134644,175550.01951462473,4290.918561842729,best_lagrangian_dual,2837.9595867096614,0.00043628669811101933,,,,,
lrp,494,20.526369094848633,175550.01951462473,4290.918561842729,best_lagrangian_dual,2790.263542408933,0.0004514267192976006,,,,,
lrp,495,20.58153223991394,175556.12406568465,4284.814010782808,best_lagrangian_dual,2795.8365865764604,0.00044914173131381546,,,,,
lrp,496,20.635648488998413,175556.12406568465,4284.814010782808,best_lagrangian_dual,2883.233737899723,0.0004223883109224637,,,,,
lrp,497,20.686577081680298,175556.77838890604,4284.15968756142,best_lagrangian_dual,2790.263542408933,0.000450895659445654,,,,,
lrp,498,20.745441913604736,175564.85079799136,4276.087278476101,best_lagrangian_dual,2790.2855927729947,0.00045037012006114593,,,,,
lrp,499,20.80218005180359,175568.860202172,4272.077874295443,best_lagrangian_dual,2832.140819667374,0.00043690682614447584,,,,,
lrp,500,20.849549531936646,175570.91006121828,4270.028015249176,best_lagrangian_dual,2795.8365865764604,0.0004481959363276642,,,,,
level,1,0.028161048889160156,1943.1731172173952,177897.76495925005,best_level_dual,,,1162312.848201565,0.9983281840855291,,,
level,2,0.08420658111572266,157285.09652194427,22555.841554523184,best_level_dual,,,490983.38119222515,0.6796529117950624,,,
level,3,0.13963866233825684,157285.09652194427,22555.841554523184,best_level_dual,,,322267.6569467881,0.5119426565728414,,,
level,4,0.19779682159423828,159578.35892232874,20262.579154138715,best_level_dual,,,280462.21950552484,0.4310165582955276,,,
level,5,0.25878357887268066,166194.8088096365,13646.129266830947,best_level_dual,,,255415.29547076562,0.3493153630313464,,,
level,6,0.3216876983642578,174673.67978120781,5167.258295259642,best_level_dual,,,238293.78296251944,0.26698180032383917,,,
level,7,0.3868379592895508,174673.67978120781,5167.258295259642,best_level_dual,,,220378.68111372573,0.2073930250491516,,,
level,8,0.45827579498291016,174673.67978120781,5167.258295259642,best_level_dual,,,213341.87854668518,0.1812499216229395,,,
level,9,0.5345742702484131,174673.67978120781,5167.258295259642,best_level_dual,,,210077.74503581238,0.16852839527846777,,,
level,10,0.6163115501403809,174673.67978120781,5167.258295259642,best_level_dual,,,202425.89389285046,0.1370981428212571,,,
level,11,0.6962342262268066,175893.7901813679,3947.147895099566,best_level_dual,,,195392.87547830184,0.09979424914650636,,,
level,12,0.7854461669921875,176917.15265371016,2923.785422757297,best_level_dual,,,195369.29671782115,0.09444751234766477,,,
level,13,0.8724162578582764,176917.15265371016,2923.785422757297,best_level_dual,,,194933.67162234135,0.09242384252391171,,,
level,14,0.9662044048309326,177761.58674929338,2079.3513271740812,best_level_dual,,,194148.59232377747,0.08440445216906767,,,
level,15,1.0814440250396729,177761.58674929338,2079.3513271740812,best_level_dual,,,192351.24104475672,0.0758490260640876,,,
level,16,1.1768298149108887,178184.42790871247,1656.5101677549828,best_level_dual,,,190863.2027212576,0.06642859719304615,,,
level,17,1.2773547172546387,178184.42790871247,1656.5101677549828,best_level_dual,,,188769.35529352442,0.05607333546461,,,
level,18,1.3864588737487793,178184.42790871247,1656.5101677549828,best_level_dual,,,186867.3625722664,0.04646576343793589,,,
level,19,1.4983634948730469,178184.42790871247,1656.5101677549828,best_level_dual,,,186557.81856789664,0.04488362226500155,,,
level,20,1.6222798824310303,178765.93694956132,1075.001126906136,best_level_dual,,,186195.7494784364,0.03990323382615956,,,
level,21,1.7422077655792236,178765.93694956132,1075.001126906136,best_level_dual,,,185771.18323255118,0.037709003953646486,,,
level,22,1.8601460456848145,179024.00617719613,816.9318992713233,best_level_dual,,,185420.95975481605,0.034499624994276126,,,
level,23,1.9857368469238281,179024.00617719613,816.9318992713233,best_level_dual,,,183768.062724902,0.025815457143974197,,,
level,24,2.1410491466522217,179024.00617719613,816.9318992713233,best_level_dual,,,183555.07257361466,0.024685051373894016,,,
level,25,2.303330898284912,179085.33679756493,755.6012789025262,best_level_dual,,,182929.82426861188,0.021016187417322106,,,
level,26,2.4673285484313965,179291.94683451703,548.9912419504253,best_level_dual,,,182929.82426861182,0.019886737707422563,,,
level,27,2.622925043106079,179291.94683451703,548.9912419504253,best_level_dual,,,181728.71512213952,0.01340882361923232,,,
level,28,2.789175271987915,179355.10757907518,485.83049739227863,best_level_dual,,,181728.7151221395,0.01306126850381908,,,
level,29,2.9656033515930176,179522.67601002223,318.2620664452261,best_level_dual,,,181337.42729391664,0.010007593638973444,,,
level,30,3.130908966064453,179522.67601002223,318.2620664452261,best_level_dual,,,181197.98688994942,0.009245747751848296,,,
level,31,3.3047902584075928,179522.67601002223,318.2620664452261,best_level_dual,,,180955.97754153344,0.00792071945333908,,,
level,32,3.4774439334869385,179601.1656900208,239.7723864466534,best_level_dual,,,180955.97754153342,0.0074869693166209565,,,
level,33,3.6586990356445312,179601.1656900208,239.7723864466534,best_level_dual,,,180930.37489660698,0.007346523254294692,,,
level,34,3.8320045471191406,179601.1656900208,239.7723864466534,best_level_dual,,,180765.35407185007,0.006440329164882624,,,
level,35,4.03120493888855,179615.81823965508,225.11983681237325,best_level_dual,,,180431.7216504771,0.004521951036983026,,,
level,36,4.229554176330566,179698.1095049197,142.8285715477541,best_level_dual,,,180427.87005746656,0.004044611025527395,,,
level,37,4.4243388175964355,179698.1095049197,142.8285715477541,best_level_dual,,,180427.2232456857,0.004041040634833462,,,
level,38,4.6417622566223145,179698.1095049197,142.8285715477541,best_level_dual,,,180260.10843064677,0.0031177110155977067,,,
level,39,4.842262029647827,179698.1095049197,142.8285715477541,best_level_dual,,,180260.10843064674,0.003117711015597546,,,
level,40,5.042182207107544,179744.1205325743,96.81754389315029,best_level_dual,,,180253.7618602135,0.002827354738007763,,,
level,41,5.263988256454468,179744.1205325743,96.81754389315029,best_level_dual,,,180129.87020602444,0.0021415086404544107,,,
level,42,5.506002426147461,179744.1205325743,96.81754389315029,best_level_dual,,,180101.77152461224,0.001985827174326581,,,
level,43,5.723475456237793,179744.1205325743,96.81754389315029,best_level_dual,,,180039.5437311762,0.0016408795116866538,,,
level,44,5.929994583129883,179744.1205325743,96.81754389315029,best_level_dual,,,180039.5437311762,0.0016408795116866538,,,
level,45,6.148241281509399,179756.50519379266,84.43288267479511,best_level_dual,,,180039.54373117612,0.001572090950230764,,,
level,46,6.383464336395264,179756.50519379266,84.43288267479511,best_level_dual,,,180035.64672706576,0.001550479243126093,,,
level,47,6.600645303726196,179764.63261626376,76.30546020370093,best_level_dual,,,180035.64672706576,0.0015053358361461666,,,
level,48,6.837602615356445,179764.63261626376,76.30546020370093,best_level_dual,,,180005.52277112255,0.0013382375782163172,,,
level,49,7.076357364654541,179766.9136717093,74.02440475815092,best_level_dual,,,179975.07710100836,0.001156623642851508,,,
level,50,7.318319797515869,179766.9136717093,74.02440475815092,best_level_dual,,,179952.10228996686,0.001029099498705215,,,
level,51,7.5618650913238525,179778.42230957435,62.51576689310605,best_level_dual,,,179951.71741288935,0.0009630088881974154,,,
level,52,7.798979997634888,179778.42230957435,62.51576689310605,best_level_dual,,,179942.51384132612,0.0009119108555772492,,,
level,53,8.04792594909668,179778.42230957435,62.51576689310605,best_level_dual,,,179941.9351234994,0.000908697651899881,,,
level,54,8.293692827224731,179778.42230957435,62.51576689310605,best_level_dual,,,179939.82774110948,0.00089699669918184,,,
level,55,8.537970781326294,179778.42230957435,62.51576689310605,best_level_dual,,,179939.82774110936,0.0008969966991811936,,,
level,56,8.779253959655762,179778.42230957435,62.51576689310605,best_level_dual,,,179939.38560652029,0.0008945417725162097,,,
level,57,9.034305810928345,179778.42230957435,62.51576689310605,best_level_dual,,,179939.38560652029,0.0008945417725162097,,,
level,58,9.323177576065063,179778.42230957435,62.51576689310605,best_level_dual,,,179937.32546307598,0.0008831027864434572,,,
level,59,9.597672462463379,179778.42230957435,62.51576689310605,best_level_dual,,,179936.600147075,0.0008790753930626104,,,
level,60,9.888821363449097,179794.10110440647,46.836972060991684,best_level_dual,,,179934.68352462232,0.0007812969543285262,,,
level,61,10.15460729598999,179794.10110440647,46.836972060991684,best_level_dual,,,179923.79497909066,0.0007208266960979983,,,
level,62,10.436052322387695,179794.10110440647,46.836972060991684,best_level_dual,,,179923.79497909066,0.0007208266960979983,,,
level,63,10.730831623077393,179797.27644477945,43.66163168800995,best_level_dual,,,179923.79497909066,0.000703178444662713,,,
level,64,11.037686109542847,179797.27644477945,43.66163168800995,best_level_dual,,,179923.79497909066,0.000703178444662713,,,
level,65,11.348462104797363,179797.27644477945,43.66163168800995,best_level_dual,,,179919.5531901009,0.0006796189916738274,,,
level,66,11.663295984268188,179797.27644477945,43.66163168800995,best_level_dual,,,179919.5531901009,0.0006796189916738274,,,
level,67,11.966055870056152,179798.83859553083,42.09948093662388,best_level_dual,,,179917.51683367975,0.0006596258120804689,,,
level,68,12.261906385421753,179798.83859553083,42.09948093662388,best_level_dual,,,179901.08810158836,0.0005683651340662922,,,
level,69,12.5746750831604,179801.49943132943,39.438645138026914,best_level_dual,,,179895.1005919982,0.0005203096713626196,,,
level,70,12.88899302482605,179808.72824369068,32.20983277677442,best_level_dual,,,179895.1005919982,0.00048012618477813826,,,
level,71,13.211822986602783,179808.72824369068,32.20983277677442,best_level_dual,,,179888.84703219344,0.00044537940969971787,,,
level,72,13.51199984550476,179808.72824369068,32.20983277677442,best_level_dual,,,179888.84703219341,0.00044537940969955616,,,
level,73,13.848750114440918,179811.18701901374,29.751057453715475,best_level_dual,,,179888.7598820314,0.0004312268485730663,,,
level,74,14.174104928970337,179811.18701901374,29.751057453715475,best_level_dual,,,179880.8521478291,0.00038728484985224674,,,
level,75,14.504435300827026,179811.18701901374,29.751057453715475,best_level_dual,,,179880.54568476343,0.0003855818064463851,,,
level,76,14.843883037567139,179813.17924127707,27.75883519038325,best_level_dual,,,179877.61492874287,0.00035821960109557073,,,
level,77,15.179630279541016,179813.17924127707,27.75883519038325,best_level_dual,,,179876.9393202016,0.0003544649979341331,,,
level,78,15.517140626907349,179813.17924127707,27.75883519038325,best_level_dual,,,179876.79000780996,0.0003536352106913139,,,
level,79,15.864607810974121,179813.76633170882,27.17174475864158,best_level_dual,,,179871.09474884713,0.00031871945416444067,,,
level,80,16.244364500045776,179815.14862025215,25.789456215308746,best_level_dual,,,179870.3136088143,0.00030669312492620954,,,
level,81,16.57913637161255,179815.14862025215,25.789456215308746,best_level_dual,,,179870.2899092546,0.0003065614061682161,,,
level,82,16.93198823928833,179817.18515695157,23.75291951588588,best_level_dual,,,179870.0651305089,0.0002939898505010984,,,
level,83,17.27987027168274,179817.64418764497,23.293888822488952,best_level_dual,,,179869.5863389739,0.0002887767319987014,,,
level,84,17.630489349365234,179818.9277041249,22.010372342570918,best_level_dual,,,179869.57000493127,0.00028155012993580976,,,
level,85,17.989383935928345,179820.1380042001,20.80007226736052,best_level_dual,,,179869.57000493127,0.0002748213648913544,,,
level,86,18.36441993713379,179821.42020121095,19.517875256511616,best_level_dual,,,179869.44018607188,0.00026697133660536084,,,
level,87,18.72505784034729,179823.55998820622,17.378088261233643,best_level_dual,,,179869.35783633415,0.00025461728822982743,,,
level,88,19.1071994304657,179827.34493032916,13.593146138300654,best_level_dual,,,179869.34960047572,0.00023352878208467487,,,
level,89,19.50875163078308,179827.34493032916,13.593146138300654,best_level_dual,,,179869.34960047566,0.00023352878208435132,,,
level,90,19.88755750656128,179828.19987540954,12.73820105791674,best_level_dual,,,179868.60775032372,0.00022465218038640489,,,
level,91,20.275688409805298,179829.10541299908,11.832663468376268,best_level_dual,,,179867.5681509233,0.00021383920580914453,,,
level,92,20.64605140686035,179830.39094266735,10.547133800107986,best_level_dual,,,179864.55970903108,0.00018996942154142442,,,
level,93,21.057637453079224,179830.39094266735,10.547133800107986,best_level_dual,,,179863.59983004117,0.00018463373025562132,,,
level,94,21.47568154335022,179830.39094266735,10.547133800107986,best_level_dual,,,179861.2523482942,0.00017158451430705985,,,
level,95,21.91465926170349,179830.39094266735,10.547133800107986,best_level_dual,,,179860.83513313308,0.00016926525690372753,,,
level,96,22.306921243667603,179830.39094266735,10.547133800107986,best_level_dual,,,179857.9022211214,0.00015296118832864357,,,
level,97,22.716566801071167,179830.39094266735,10.547133800107986,best_level_dual,,,179857.5943812199,0.00015124987435839203,,,
level,98,23.13331437110901,179830.39094266735,10.547133800107986,best_level_dual,,,179855.4453520863,0.00013930303511193055,,,
level,99,23.551788091659546,179830.39094266735,10.547133800107986,best_level_dual,,,179854.3668089877,0.00013330711255847663,,,
level,100,23.966572284698486,179830.39094266735,10.547133800107986,best_level_dual,,,179853.2179140114,0.0001269200051508241,,,
level,101,24.388323545455933,179830.39094266735,10.547133800107986,best_level_dual,,,179852.6408144791,0.00012371167702059655,,,
level,102,24.80438804626465,179830.39094266735,10.547133800107986,best_level_dual,,,179850.89667930832,0.00011401520381373673,,,
level,103,25.26706027984619,179830.39094266735,10.547133800107986,best_level_dual,,,179850.07923189804,0.00010947056189674178,,,
level,104,25.709664583206177,179830.39094266735,10.547133800107986,best_level_dual,,,179848.1285735015,9.86256069209726e-05,,,
dwp,1,0.08600044250488281,-226558.4935595712,406399.43163603864,best_certified_dual,,,,,182577.73840115298,-119302.48563268429,16
dwp,2,0.19453930854797363,-226558.4935595712,406399.43163603864,best_certified_dual,,,,,182577.73840115243,-158114.5752162498,22
dwp,3,0.32958245277404785,-207355.6848892995,387196.62296576693,best_certified_dual,,,,,182577.73840115336,-127920.59938342687,28
dwp,4,0.4918041229248047,-105012.6305091581,284853.56858562556,best_certified_dual,,,,,182577.73840115292,-97677.34144707465,34
dwp,5,0.6749095916748047,-36612.64370048448,216453.58177695193,best_certified_dual,,,,,182577.73840115292,-73270.38288572592,40
dwp,6,0.8876492977142334,-25161.12236352128,205002.06043998874,best_certified_dual,,,,,182577.73840115295,-74099.5069180185,46
dwp,7,1.1234679222106934,52708.206187217205,127132.73188925025,best_certified_dual,,,,,182577.73840115304,-53687.90717583246,52
dwp,8,1.3859364986419678,52708.206187217205,127132.73188925025,best_certified_dual,,,,,182577.73840115333,-56631.48816336828,58
dwp,9,1.7010481357574463,52708.206187217205,127132.73188925025,best_certified_dual,,,,,182577.73840115286,-73148.29311641482,64
dwp,10,2.075155019760132,73383.84355652728,106457.09451994018,best_certified_dual,,,,,182577.73840115286,-47091.75303139177,70
dwp,11,2.46126127243042,80183.20430626265,99657.73377020481,best_certified_dual,,,,,182577.73840115228,-41461.025115981975,76
dwp,12,2.8557944297790527,80183.20430626265,99657.73377020481,best_certified_dual,,,,,182577.738401153,-71201.24576846277,82
dwp,13,3.2587058544158936,80183.20430626265,99657.73377020481,best_certified_dual,,,,,182577.73840115283,-48679.83947003019,88
dwp,14,3.679529905319214,80183.20430626265,99657.73377020481,best_certified_dual,,,,,182577.7384011535,-48662.15184475697,94
dwp,15,4.138169527053833,80183.20430626265,99657.73377020481,best_certified_dual,,,,,182577.73840115248,-50040.46739158058,100
dwp,16,4.615347862243652,102295.04537769246,77545.892698775,best_certified_dual,,,,,182577.73840115435,-36255.417019185144,105
dwp,17,5.122827053070068,119683.10242316412,60157.83565330334,best_certified_dual,,,,,182577.7384011534,-27930.247829680757,110
dwp,18,5.647767782211304,143220.70207063446,36620.236005832994,best_certified_dual,,,,,182577.73840115318,-17316.010726926936,115
dwp,19,6.199163198471069,143220.70207063446,36620.236005832994,best_certified_dual,,,,,182577.73840115292,-22848.310895282066,121
dwp,20,6.776660919189453,143220.70207063446,36620.236005832994,best_certified_dual,,,,,182577.73840115714,-31128.243169649584,127
dwp,21,7.389173269271851,150098.6579619483,29742.280114519148,best_certified_dual,,,,,182577.7384011537,-14975.962536051637,132
dwp,22,8.018296241760254,150098.6579619483,29742.280114519148,best_certified_dual,,,,,182577.73840115452,-28106.735589187505,137
dwp,23,8.64547848701477,150098.6579619483,29742.280114519148,best_certified_dual,,,,,182577.73840115254,-19835.063861363495,142
dwp,24,9.299050569534302,150098.6579619483,29742.280114519148,best_certified_dual,,,,,182573.38007644983,-22417.858203449505,147
dwp,25,9.991166830062866,152695.02343864407,27145.914637823385,best_certified_dual,,,,,182567.90037107098,-13630.975691509228,152
dwp,26,10.699966430664062,161390.9538775243,18449.98419894316,best_certified_dual,,,,,182567.00839495374,-9285.702622368968,157
dwp,27,11.432562351226807,161390.9538775243,18449.98419894316,best_certified_dual,,,,,182562.0931886385,-11493.048915235842,162
dwp,28,12.206396341323853,161390.9538775243,18449.98419894316,best_certified_dual,,,,,182557.85290026027,-13043.816564143932,167
dwp,29,12.998452186584473,171059.28733134808,8781.650745119376,best_certified_dual,,,,,182554.15115219294,-6325.0693919555415,171
dwp,30,13.800864696502686,171059.28733134808,8781.650745119376,best_certified_dual,,,,,182553.09210125427,-6332.47057379631,175
dwp,31,14.614787817001343,171059.28733134808,8781.650745119376,best_certified_dual,,,,,182540.4183287517,-5862.84744290177,179
dwp,32,15.43648099899292,171059.28733134808,8781.650745119376,best_certified_dual,,,,,182499.66283928955,-5796.372157788355,183
dwp,33,16.3301739692688,172239.89220626283,7601.045870204631,best_certified_dual,,,,,182473.86218716227,-4500.814436542438,187
dwp,34,17.182177782058716,172239.89220626283,7601.045870204631,best_certified_dual,,,,,182384.8582779651,-4931.672782441754,191
dwp,35,18.03626799583435,172239.89220626283,7601.045870204631,best_certified_dual,,,,,182162.77967856257,-4875.3349007216075,196
dwp,36,18.942112684249878,172239.89220626283,7601.045870204631,best_certified_dual,,,,,181865.63548057526,-4276.661284361366,199
dwp,37,19.90474796295166,173022.15349794214,6818.784578525316,best_certified_dual,,,,,181682.69194188865,-3614.6046516492497,202
dwp,38,20.879555463790894,173022.15349794214,6818.784578525316,best_certified_dual,,,,,181598.2043926715,-4287.866002041723,205
dwp,39,21.862740993499756,173022.15349794214,6818.784578525316,best_certified_dual,,,,,181505.42518600813,-5747.589759494024,209
dwp,40,22.87223792076111,173022.15349794214,6818.784578525316,best_certified_dual,,,,,181340.2784697561,-4426.143730771953,212
dwp,41,23.83715057373047,173022.15349794214,6818.784578525316,best_certified_dual,,,,,181277.37389934636,-4210.172737805456,215
dwp,42,24.80572533607483,174583.47429044155,5257.46378602591,best_certified_dual,,,,,181227.3855611841,-2946.071667369595,218
dwp,43,25.80861783027649,174583.47429044155,5257.46378602591,best_certified_dual,,,,,181137.76305091765,-4273.1144742834995,221
dwp,44,26.83202290534973,175162.04787570456,4678.890200762893,best_certified_dual,,,,,181073.16628304237,-3350.869633475144,224
dwp,45,27.835671186447144,175162.04787570456,4678.890200762893,best_certified_dual,,,,,180986.08498348884,-3099.4203148024826,227
dwp,46,28.88177251815796,176679.8392786723,3161.098797795159,best_certified_dual,,,,,180817.43438439266,-1740.6130435288067,231
dwp,47,29.96661615371704,176679.8392786723,3161.098797795159,best_certified_dual,,,,,180782.0286854867,-1731.9837979815043,234
dwp,48,31.008127212524414,176679.8392786723,3161.098797795159,best_certified_dual,,,,,180715.83158796295,-2689.9102561697464,237
dwp,49,32.07145667076111,176679.8392786723,3161.098797795159,best_certified_dual,,,,,180599.0824075553,-2082.9923468372235,240
dwp,50,33.15375757217407,177488.90249082854,2352.0355856389215,best_certified_dual,,,,,180546.45279412394,-1358.9992831202896,243
dwp,51,34.26347017288208,177488.90249082854,2352.0355856389215,best_certified_dual,,,,,180477.13920383184,-1667.1102210940517,246
dwp,52,35.397334575653076,178248.55590399622,1592.3821724712325,best_certified_dual,,,,,180413.88229143573,-908.9358473547763,249
dwp,53,36.52269911766052,178248.55590399622,1592.3821724712325,best_certified_dual,,,,,180385.70772618047,-1968.8749803583012,252
dwp,54,37.70045566558838,178248.55590399622,1592.3821724712325,best_certified_dual,,,,,180349.9850948311,-2705.3897462509995,255
dwp,55,38.85339045524597,178248.55590399622,1592.3821724712325,best_certified_dual,,,,,180260.67604233272,-1727.2182900203163,258
dwp,56,39.98974800109863,178248.55590399622,1592.3821724712325,best_certified_dual,,,,,180220.82775975668,-1054.5438905731862,261
dwp,57,41.14271879196167,178248.55590399622,1592.3821724712325,best_certified_dual,,,,,180188.7571018802,-1434.6479752436467,264
dwp,58,42.32191562652588,178248.55590399622,1592.3821724712325,best_certified_dual,,,,,180143.21017866602,-1255.351752651979,267
dwp,59,43.50997257232666,178745.7457906404,1095.19228582707,best_certified_dual,,,,,180118.21241242051,-958.4172405619443,270
dwp,60,44.71630668640137,178882.83616672773,958.101909739722,best_certified_dual,,,,,180097.35161013246,-734.8945313033682,273
dwp,61,45.93966555595398,178882.83616672773,958.101909739722,best_certified_dual,,,,,180071.86413760393,-1073.6903378602476,276
dwp,62,47.187742710113525,179162.85883042187,678.079246045585,best_certified_dual,,,,,180069.57475891284,-547.7485498767431,279
dwp,63,48.49764370918274,179162.85883042187,678.079246045585,best_certified_dual,,,,,180062.875097167,-741.942489520508,282
dwp,64,49.71060562133789,179162.85883042187,678.079246045585,best_certified_dual,,,,,180047.47799065144,-801.5374409341637,285
dwp,65,50.98677730560303,179260.4813370559,580.4567394115438,best_certified_dual,,,,,180036.25367364686,-493.7913869515421,288
dwp,66,52.25868201255798,179357.82874556904,483.10933089841274,best_certified_dual,,,,,180032.51043484127,-500.69859975882184,291
dwp,67,53.56610703468323,179357.82874556904,483.10933089841274,best_certified_dual,,,,,180025.05060812237,-591.5221102165353,294
dwp,68,54.909650564193726,179357.82874556904,483.10933089841274,best_certified_dual,,,,,180009.18939655862,-635.2205994402254,297
dwp,69,56.23645758628845,179357.82874556904,483.10933089841274,best_certified_dual,,,,,180001.84759597792,-394.4811808578577,300
dwp,70,57.58249473571777,179366.67918271385,474.25889375360566,best_certified_dual,,,,,179983.74382806016,-409.0181346832387,303
dwp,71,58.89216923713684,179490.9468323272,349.99124414025573,best_certified_dual,,,,,179973.47324430165,-300.99288124898294,306
dwp,72,60.27916669845581,179490.9468323272,349.99124414025573,best_certified_dual,,,,,179958.2020440394,-277.87624698681464,309
dwp,73,61.63049602508545,179490.9468323272,349.99124414025573,best_certified_dual,,,,,179949.63938066905,-396.74074006678484,312
dwp,74,63.0299129486084,179490.9468323272,349.99124414025573,best_certified_dual,,,,,179938.3341668402,-273.1846008212714,315
dwp,75,64.4397919178009,179551.83858642116,289.09949004629743,best_certified_dual,,,,,179936.6622164976,-238.50421839503247,318
dwp,76,65.88791394233704,179551.83858642116,289.09949004629743,best_certified_dual,,,,,179926.2503485887,-243.9762369615803,321
dwp,77,67.3289098739624,179551.83858642116,289.09949004629743,best_certified_dual,,,,,179912.0523804364,-335.1343750521071,324
dwp,78,68.81069755554199,179564.42391146184,276.51416500561754,best_certified_dual,,,,,179910.76663303695,-186.64646595657518,327
dwp,79,70.27599906921387,179564.42391146184,276.51416500561754,best_certified_dual,,,,,179902.1296713272,-185.541854553966,330
dwp,80,71.76763987541199,179564.42391146184,276.51416500561754,best_certified_dual,,,,,179901.49115203455,-277.83563203381937,333
dwp,81,73.24712657928467,179597.2696664138,243.66841005365131,best_certified_dual,,,,,179898.40336612152,-163.2982604048184,336
dwp,82,74.71690058708191,179597.2696664138,243.66841005365131,best_certified_dual,,,,,179897.00963507206,-274.83908734975887,339
dwp,83,76.2433831691742,179641.0725156022,199.86556086526252,best_certified_dual,,,,,179895.1988753713,-156.49146846657902,342
dwp,84,77.75656986236572,179673.3202941913,167.61778227615287,best_certified_dual,,,,,179890.49265906675,-111.267612638733,345
dwp,85,79.29128408432007,179692.2035751783,148.73450128914556,best_certified_dual,,,,,179879.07885193193,-130.7382919180567,348
dwp,86,80.85461521148682,179699.66683990535,141.27123656211188,best_certified_dual,,,,,179878.6711162411,-124.69135947232485,351
dwp,87,82.50047326087952,179740.0583727882,100.87970367926755,best_certified_dual,,,,,179875.83990403134,-93.13753791651777,354
dwp,88,84.04936051368713,179740.0583727882,100.87970367926755,best_certified_dual,,,,,179874.06591155843,-123.66707673886185,357
dwp,89,85.67528367042542,179740.0583727882,100.87970367926755,best_certified_dual,,,,,179866.8189248808,-121.53237851427707,360
dwp,90,87.26113080978394,179740.0583727882,100.87970367926755,best_certified_dual,,,,,179864.1793027889,-151.12398621225088,363
dwp,91,88.86384844779968,179740.0583727882,100.87970367926755,best_certified_dual,,,,,179862.08293859937,-138.41306051381775,366
dwp,92,90.46562910079956,179740.0583727882,100.87970367926755,best_certified_dual,,,,,179859.4721938467,-125.38664238321894,369
dwp,93,92.089200258255,179740.0583727882,100.87970367926755,best_certified_dual,,,,,179856.6140280642,-115.65715295099676,372
dwp,94,93.76111054420471,179740.0583727882,100.87970367926755,best_certified_dual,,,,,179856.15269217,-94.22995235204803,375
dwp,95,95.39363718032837,179740.0583727882,100.87970367926755,best_certified_dual,,,,,179855.06066767575,-163.6957773350938,378
dwp,96,97.04959082603455,179757.5243268143,83.41374965314753,best_certified_dual,,,,,179854.18189014794,-73.22601372133329,381
dwp,97,98.77629733085632,179757.5243268143,83.41374965314753,best_certified_dual,,,,,179853.1214103981,-81.73299964248667,384
dwp,98,100.45523118972778,179806.50336874955,34.434707717911806,best_certified_dual,,,,,179852.9934229673,-42.57662715803258,386
dwp,99,102.1478226184845,179806.50336874955,34.434707717911806,best_certified_dual,,,,,179852.48065065936,-44.126239430688884,388
dwp,100,103.83134722709656,179813.0854336553,27.852642812154954,best_certified_dual,,,,,179852.12606131687,-35.16082056936057,390
dwp,101,105.53310179710388,179813.0854336553,27.852642812154954,best_certified_dual,,,,,179850.55134396005,-58.433794785016175,393
dwp,102,107.28214120864868,179813.0854336553,27.852642812154954,best_certified_dual,,,,,179848.59926968935,-48.797315358113224,396
dwp,103,108.99493360519409,179813.0854336553,27.852642812154954,best_certified_dual,,,,,179847.74812667165,-58.23739153522047,398
dwp,104,110.76629638671875,179813.0854336553,27.852642812154954,best_certified_dual,,,,,179847.14679466296,-35.80739819718178,400
dwp,105,112.5128390789032,179824.29949698897,16.638579478487372,best_certified_dual,,,,,179846.9551923627,-19.98662433542131,402
dwp,106,114.24877142906189,179824.29949698897,16.638579478487372,best_certified_dual,,,,,179845.70876684054,-75.13574832617292,403
dwp,107,116.03780126571655,179824.29949698897,16.638579478487372,best_certified_dual,,,,,179845.7087668406,-75.13574832616928,404
dwp,108,117.78340435028076,179824.29949698897,16.638579478487372,best_certified_dual,,,,,179844.15107893958,-37.85378931176797,406
dwp,109,119.67560029029846,179824.29949698897,16.638579478487372,best_certified_dual,,,,,179843.74306777367,-44.89736842105981,407
dwp,110,121.50628519058228,179824.29949698897,16.638579478487372,best_certified_dual,,,,,179843.74306777364,-44.89736842104844,408
dwp,111,123.32614779472351,179824.29949698897,16.638579478487372,best_certified_dual,,,,,179843.6741621386,-31.772950819695097,409
dwp,112,125.1600444316864,179824.29949698897,16.638579478487372,best_certified_dual,,,,,179843.67416213852,-31.772950819686912,410
dwp,113,126.97710251808167,179824.30797461263,16.630101854825625,best_certified_dual,,,,,179843.56495080312,-19.256976190481737,411
dwp,114,128.76962614059448,179825.9473475725,14.990728894947097,best_certified_dual,,,,,179843.4973475725,-17.549999999994156,412
dwp,115,130.55390453338623,179834.5620549087,6.376021558768116,best_certified_dual,,,,,179843.33705490868,-8.775000000007822,413
dwp,116,132.43800711631775,179834.5620549087,6.376021558768116,best_certified_dual,,,,,179842.40223303187,-47.65416666668966,414
dwp,117,134.263201713562,179834.5620549087,6.376021558768116,best_certified_dual,,,,,179841.84009457857,-20.93464216095981,415
dwp,118,136.0834732055664,179834.5620549087,6.376021558768116,best_certified_dual,,,,,179841.03184260096,-17.343346560837972,416
dwp,119,137.9096999168396,179834.5620549087,6.376021558768116,best_certified_dual,,,,,179841.03184260096,-17.343346560837062,417
dwp,120,139.7417290210724,179834.5620549087,6.376021558768116,best_certified_dual,,,,,179841.02006199153,-13.57513421086901,418
dwp,121,141.5761170387268,179840.93804621298,3.0254479497671127e-05,best_certified_dual,,,,,179840.93804621298,-7.275957614183426e-12,418
