hour,unit,bus,method,label,price,scheduled_output_MW
1,G1,1,lmp,LMP,42.68599999998385,104.93043478260876
2,G1,1,lmp,LMP,42.685999999760824,96.54782608695652
3,G1,1,lmp,LMP,41.982000000417955,92.35652173913046
4,G1,1,lmp,LMP,42.685999999760824,96.54782608695652
5,G1,1,lmp,LMP,42.68600000007976,111.21739130434784
6,G1,1,lmp,LMP,42.686000000000156,108.46086956521742
7,G1,1,lmp,LMP,57.10225873585198,120.0
8,G1,1,lmp,LMP,56.33999999627303,120.0
9,G1,1,lmp,LMP,56.97399999829019,120.0
10,G1,1,lmp,LMP,42.68599999966426,95.73913043478262
11,G1,1,lmp,LMP,42.686000000028045,108.97391304347826
12,G1,1,lmp,LMP,42.68599999976766,96.4
13,G1,1,lmp,LMP,41.98200000021478,92.20869565217393
14,G1,1,lmp,LMP,42.68599999992692,100.59130434782608
15,G1,1,lmp,LMP,42.685999999760824,96.5478260869566
16,G1,1,lmp,LMP,56.340000000560934,120.0
17,G1,1,lmp,LMP,70.32676238713384,120.0
18,G1,1,lmp,LMP,70.91440609767936,120.0
19,G1,1,lmp,LMP,86.33376069831654,120.0
20,G1,1,lmp,LMP,70.90348353977343,120.0
21,G1,1,lmp,LMP,62.62322421721933,120.0
22,G1,1,lmp,LMP,42.68600000055749,116.84347826086957
23,G1,1,lmp,LMP,41.98200000045074,91.69565217391306
24,G1,1,lmp,LMP,41.98199999993961,74.9304347826087
1,G1,1,mirp,IRP,55.637999997274676,104.93043478260876
2,G1,1,mirp,IRP,55.63799998407213,96.54782608695652
3,G1,1,mirp,IRP,42.686000003176105,92.35652173913046
4,G1,1,mirp,IRP,55.63799998274568,96.54782608695652
5,G1,1,mirp,IRP,55.638000005286045,111.21739130434784
6,G1,1,mirp,IRP,56.3400000021532,108.46086956521742
7,G1,1,mirp,IRP,71.87920117664929,120.0
8,G1,1,mirp,IRP,58.26000000152718,120.0
9,G1,1,mirp,IRP,56.34000000338737,120.0
10,G1,1,mirp,IRP,55.63799999555679,95.73913043478262
11,G1,1,mirp,IRP,42.68600000060918,108.97391304347826
12,G1,1,mirp,IRP,42.685999999406974,96.4
13,G1,1,mirp,IRP,41.98200000515321,92.20869565217393
14,G1,1,mirp,IRP,42.686000000027796,100.59130434782608
15,G1,1,mirp,IRP,55.637999979622386,96.5478260869566
16,G1,1,mirp,IRP,56.34000000355963,120.0
17,G1,1,mirp,IRP,57.9436259462812,120.0
18,G1,1,mirp,IRP,81.4020899212312,120.0
19,G1,1,mirp,IRP,93.27293454682366,120.0
20,G1,1,mirp,IRP,78.77461261108205,120.0
21,G1,1,mirp,IRP,62.62322421869044,120.0
22,G1,1,mirp,IRP,57.102258737351804,116.84347826086957
23,G1,1,mirp,IRP,57.75696902386671,91.69565217391306
24,G1,1,mirp,IRP,50.940369561323905,74.9304347826087
1,G1,1,level,LVM,55.62834350022786,104.93043478260876
2,G1,1,level,LVM,52.8013670988953,96.54782608695652
3,G1,1,level,LVM,42.70313138122998,92.35652173913046
4,G1,1,level,LVM,50.13246463820417,96.54782608695652
5,G1,1,level,LVM,56.33997290127189,111.21739130434784
6,G1,1,level,LVM,58.23744701903615,108.46086956521742
7,G1,1,level,LVM,69.48217112781145,120.0
8,G1,1,level,LVM,61.69199497165266,120.0
9,G1,1,level,LVM,56.26954186779926,120.0
10,G1,1,level,LVM,42.69371923361905,95.73913043478262
11,G1,1,level,LVM,42.67341558517626,108.97391304347826
12,G1,1,level,LVM,42.664972558236,96.4
13,G1,1,level,LVM,42.03248566446632,92.20869565217393
14,G1,1,level,LVM,42.689507147227175,100.59130434782608
15,G1,1,level,LVM,45.01175332632312,96.5478260869566
16,G1,1,level,LVM,57.57412700151883,120.0
17,G1,1,level,LVM,56.62233331892429,120.0
18,G1,1,level,LVM,70.68120321266173,120.0
19,G1,1,level,LVM,114.175675356223,120.0
20,G1,1,level,LVM,70.68700670610713,120.0
21,G1,1,level,LVM,64.27181220308739,120.0
22,G1,1,level,LVM,56.922149537898974,116.84347826086957
23,G1,1,level,LVM,42.676588995299255,91.69565217391306
24,G1,1,level,LVM,42.00460363010558,74.9304347826087
1,G1,1,lrp,LRP,43.22289665642141,104.93043478260876
2,G1,1,lrp,LRP,43.795312525420265,96.54782608695652
3,G1,1,lrp,LRP,42.6864957708873,92.35652173913046
4,G1,1,lrp,LRP,42.925136321965,96.54782608695652
5,G1,1,lrp,LRP,46.383042747364726,111.21739130434784
6,G1,1,lrp,LRP,53.79636399522938,108.46086956521742
7,G1,1,lrp,LRP,64.22156147560314,120.0
8,G1,1,lrp,LRP,58.9404935142088,120.0
9,G1,1,lrp,LRP,51.84292007745775,120.0
10,G1,1,lrp,LRP,44.796051124935175,95.73913043478262
11,G1,1,lrp,LRP,42.68532704260338,108.97391304347826
12,G1,1,lrp,LRP,42.157409827317245,96.4
13,G1,1,lrp,LRP,41.98297648637306,92.20869565217393
14,G1,1,lrp,LRP,42.53357728695656,100.59130434782608
15,G1,1,lrp,LRP,44.48954030089558,96.5478260869566
16,G1,1,lrp,LRP,54.472001097509434,120.0
17,G1,1,lrp,LRP,57.42112752532796,120.0
18,G1,1,lrp,LRP,63.508362305585855,120.0
19,G1,1,lrp,LRP,72.98750132197046,120.0
20,G1,1,lrp,LRP,64.88846031975027,120.0
21,G1,1,lrp,LRP,57.39037703119075,120.0
22,G1,1,lrp,LRP,46.50418541156248,116.84347826086957
23,G1,1,lrp,LRP,42.683757128417454,91.69565217391306
24,G1,1,lrp,LRP,41.98956629554078,74.9304347826087
1,G1,1,dwp,DWP,55.63799999999999,104.93043478260876
2,G1,1,dwp,DWP,46.67399999999884,96.54782608695652
3,G1,1,dwp,DWP,42.68600000000012,92.35652173913046
4,G1,1,dwp,DWP,56.33999999999993,96.54782608695652
5,G1,1,dwp,DWP,56.34000000000081,111.21739130434784
6,G1,1,dwp,DWP,58.259999999999565,108.46086956521742
7,G1,1,dwp,DWP,69.35394336175045,120.0
8,G1,1,dwp,DWP,61.84638897140576,120.0
9,G1,1,dwp,DWP,56.34000000000002,120.0
10,G1,1,dwp,DWP,42.68600000000001,95.73913043478262
11,G1,1,dwp,DWP,42.68600000000034,108.97391304347826
12,G1,1,dwp,DWP,42.68600000000022,96.4
13,G1,1,dwp,DWP,41.98200000000003,92.20869565217393
14,G1,1,dwp,DWP,42.68600000000028,100.59130434782608
15,G1,1,dwp,DWP,44.625596825397196,96.5478260869566
16,G1,1,dwp,DWP,57.61955714285712,120.0
17,G1,1,dwp,DWP,56.70264444444434,120.0
18,G1,1,dwp,DWP,70.31865303630249,120.0
19,G1,1,dwp,DWP,114.1106836208911,120.0
20,G1,1,dwp,DWP,70.9036855840014,120.0
21,G1,1,dwp,DWP,62.234806594131264,120.0
22,G1,1,dwp,DWP,56.97400000000006,116.84347826086957
23,G1,1,dwp,DWP,42.685999999999794,91.69565217391306
24,G1,1,dwp,DWP,41.982000000000006,74.9304347826087
1,G1,1,xiao,S-CHP,55.63799999999993,104.93043478260876
2,G1,1,xiao,S-CHP,55.35401700407831,96.54782608695652
3,G1,1,xiao,S-CHP,42.68600000000301,92.35652173913046
4,G1,1,xiao,S-CHP,47.65998299558826,96.54782608695652
5,G1,1,xiao,S-CHP,56.340000000106166,111.21739130434784
6,G1,1,xiao,S-CHP,58.25999999922625,108.46086956521742
7,G1,1,xiao,S-CHP,69.35394336249641,120.0
8,G1,1,xiao,S-CHP,61.84638897073632,120.0
9,G1,1,xiao,S-CHP,56.33999999995756,120.0
10,G1,1,xiao,S-CHP,42.68600000002547,95.73913043478262
11,G1,1,xiao,S-CHP,42.68600000003992,108.97391304347826
12,G1,1,xiao,S-CHP,42.68599999982837,96.4
13,G1,1,xiao,S-CHP,41.982000000180356,92.20869565217393
14,G1,1,xiao,S-CHP,42.685999999993065,100.59130434782608
15,G1,1,xiao,S-CHP,44.62559682752908,96.5478260869566
16,G1,1,xiao,S-CHP,57.61955714279926,120.0
17,G1,1,xiao,S-CHP,56.70264444452903,120.0
18,G1,1,xiao,S-CHP,70.31865303631628,120.0
19,G1,1,xiao,S-CHP,114.11068362106437,120.0
20,G1,1,xiao,S-CHP,70.90368558398562,120.0
21,G1,1,xiao,S-CHP,62.234806596535144,120.0
22,G1,1,xiao,S-CHP,56.97399999965839,116.84347826086957
23,G1,1,xiao,S-CHP,42.686000000006985,91.69565217391306
24,G1,1,xiao,S-CHP,41.982000000129005,74.9304347826087
1,G1,1,chp,D-CHP,55.6380000002759,104.93043478260876
2,G1,1,chp,D-CHP,54.332761678746195,96.54782608695652
3,G1,1,chp,D-CHP,42.68600000004579,92.35652173913046
4,G1,1,chp,D-CHP,48.681238240508065,96.54782608695652
5,G1,1,chp,D-CHP,56.33999998663419,111.21739130434784
6,G1,1,chp,D-CHP,58.25999995300452,108.46086956521742
7,G1,1,chp,D-CHP,69.35394339555916,120.0
8,G1,1,chp,D-CHP,61.84638896896536,120.0
9,G1,1,chp,D-CHP,56.340000000253916,120.0
10,G1,1,chp,D-CHP,42.686000000045546,95.73913043478262
11,G1,1,chp,D-CHP,42.68599999994273,108.97391304347826
12,G1,1,chp,D-CHP,42.68599999963134,96.4
13,G1,1,chp,D-CHP,41.98200000043083,92.20869565217393
14,G1,1,chp,D-CHP,42.68599999983049,100.59130434782608
15,G1,1,chp,D-CHP,44.625596807388405,96.5478260869566
16,G1,1,chp,D-CHP,57.619557140169555,120.0
17,G1,1,chp,D-CHP,56.702644447597734,120.0
18,G1,1,chp,D-CHP,70.31865303627637,120.0
19,G1,1,chp,D-CHP,114.11068364170511,120.0
20,G1,1,chp,D-CHP,70.90368558450224,120.0
21,G1,1,chp,D-CHP,62.23480659717141,120.0
22,G1,1,chp,D-CHP,56.97399999916674,116.84347826086957
23,G1,1,chp,D-CHP,42.68599999995687,91.69565217391306
24,G1,1,chp,D-CHP,41.982000798066586,74.9304347826087
1,G2,2,lmp,LMP,42.68599999998385,0.0
2,G2,2,lmp,LMP,42.685999999760824,0.0
3,G2,2,lmp,LMP,41.982000000417955,0.0
4,G2,2,lmp,LMP,42.685999999760824,0.0
5,G2,2,lmp,LMP,42.68600000007976,0.0
6,G2,2,lmp,LMP,42.68599999999982,0.0
7,G2,2,lmp,LMP,57.100386034438436,0.0
8,G2,2,lmp,LMP,56.33999999627268,0.0
9,G2,2,lmp,LMP,56.97399999829019,0.0
10,G2,2,lmp,LMP,42.68599999966426,0.0
11,G2,2,lmp,LMP,42.686000000028045,0.0
12,G2,2,lmp,LMP,42.68599999976766,0.0
13,G2,2,lmp,LMP,41.98200000021478,0.0
14,G2,2,lmp,LMP,42.68599999992692,0.0
15,G2,2,lmp,LMP,42.685999999760824,0.0
16,G2,2,lmp,LMP,56.340000000560934,0.0
17,G2,2,lmp,LMP,70.29240000012553,26.23514378768982
18,G2,2,lmp,LMP,70.8785999998118,31.999434214767142
19,G2,2,lmp,LMP,86.29127257494666,50.0
20,G2,2,lmp,LMP,70.87860000031759,33.52475066343389
21,G2,2,lmp,LMP,62.607787722603874,0.0
22,G2,2,lmp,LMP,42.68600000055719,0.0
23,G2,2,lmp,LMP,41.98200000045037,0.0
24,G2,2,lmp,LMP,41.98199999993917,0.0
1,G2,2,mirp,IRP,55.63799999727469,0.0
2,G2,2,mirp,IRP,55.63799998407215,0.0
3,G2,2,mirp,IRP,42.686000003176126,0.0
4,G2,2,mirp,IRP,55.637999982745775,0.0
5,G2,2,mirp,IRP,55.638000005286166,0.0
6,G2,2,mirp,IRP,56.34000000215254,0.0
7,G2,2,mirp,IRP,71.84214508159705,0.0
8,G2,2,mirp,IRP,58.26000000151774,0.0
9,G2,2,mirp,IRP,56.34000000338705,0.0
10,G2,2,mirp,IRP,55.637999995556896,0.0
11,G2,2,mirp,IRP,42.68600000060927,0.0
12,G2,2,mirp,IRP,42.685999999407066,0.0
13,G2,2,mirp,IRP,41.98200000515331,0.0
14,G2,2,mirp,IRP,42.68600000002789,0.0
15,G2,2,mirp,IRP,55.63799997962248,0.0
16,G2,2,mirp,IRP,56.34000000355599,0.0
17,G2,2,mirp,IRP,57.93968619144953,26.23514378768982
18,G2,2,mirp,IRP,81.36522839882824,31.999434214767142
19,G2,2,mirp,IRP,93.22708770778658,50.0
20,G2,2,mirp,IRP,78.74074880830109,33.52475066343389
21,G2,2,mirp,IRP,62.607787724121714,0.0
22,G2,2,mirp,IRP,57.10038603594029,0.0
23,G2,2,mirp,IRP,57.75696902386674,0.0
24,G2,2,mirp,IRP,50.940369561324026,0.0
1,G2,2,level,LVM,55.62834350023011,0.0
2,G2,2,level,LVM,52.801367098897536,0.0
3,G2,2,level,LVM,42.703131381232055,0.0
4,G2,2,level,LVM,50.13246463820641,0.0
5,G2,2,level,LVM,56.339972901274145,0.0
6,G2,2,level,LVM,58.23744701903844,0.0
7,G2,2,level,LVM,69.4552395900799,0.0
8,G2,2,level,LVM,61.68810232769413,0.0
9,G2,2,level,LVM,56.26954186780153,0.0
10,G2,2,level,LVM,42.69371923362119,0.0
11,G2,2,level,LVM,42.673415585178105,0.0
12,G2,2,level,LVM,42.664972558237494,0.0
13,G2,2,level,LVM,42.032485664467714,0.0
14,G2,2,level,LVM,42.68950714722878,0.0
15,G2,2,level,LVM,45.011753326325376,0.0
16,G2,2,level,LVM,57.57412700152111,0.0
17,G2,2,level,LVM,56.62233331892631,26.23514378768982
18,G2,2,level,LVM,70.65412410122399,31.999434214767142
19,G2,2,level,LVM,114.10450258739915,50.0
20,G2,2,level,LVM,70.66668161316696,33.52475066343389
21,G2,2,level,LVM,64.25702169230316,0.0
22,G2,2,level,LVM,56.922149537901234,0.0
23,G2,2,level,LVM,42.67658899530111,0.0
24,G2,2,level,LVM,42.00460363010696,0.0
1,G2,2,lrp,LRP,43.22289665642141,0.0
2,G2,2,lrp,LRP,43.795312525420265,0.0
3,G2,2,lrp,LRP,42.6864957708873,0.0
4,G2,2,lrp,LRP,42.925136321965,0.0
5,G2,2,lrp,LRP,46.383042747364726,0.0
6,G2,2,lrp,LRP,53.79636399522938,0.0
7,G2,2,lrp,LRP,64.22071513875352,0.0
8,G2,2,lrp,LRP,58.93999125834929,0.0
9,G2,2,lrp,LRP,51.84292007745775,0.0
10,G2,2,lrp,LRP,44.796051124935175,0.0
11,G2,2,lrp,LRP,42.68532704260338,0.0
12,G2,2,lrp,LRP,42.157409827317245,0.0
13,G2,2,lrp,LRP,41.98297648637306,0.0
14,G2,2,lrp,LRP,42.53357728695656,0.0
15,G2,2,lrp,LRP,44.48954030089558,0.0
16,G2,2,lrp,LRP,54.472001097509434,0.0
17,G2,2,lrp,LRP,57.419925340688636,26.23514378768982
18,G2,2,lrp,LRP,63.5033833113149,31.999434214767142
19,G2,2,lrp,LRP,77.89287232741638,50.0
20,G2,2,lrp,LRP,65.17317450548556,33.52475066343389
21,G2,2,lrp,LRP,57.38965634680577,0.0
22,G2,2,lrp,LRP,46.50418541156248,0.0
23,G2,2,lrp,LRP,42.683757128417454,0.0
24,G2,2,lrp,LRP,41.98956629554078,0.0
1,G2,2,dwp,DWP,55.63799999999999,0.0
2,G2,2,dwp,DWP,46.67399999999884,0.0
3,G2,2,dwp,DWP,42.68600000000012,0.0
4,G2,2,dwp,DWP,56.33999999999993,0.0
5,G2,2,dwp,DWP,56.34000000000081,0.0
6,G2,2,dwp,DWP,58.259999999999565,0.0
7,G2,2,dwp,DWP,69.32703521716051,0.0
8,G2,2,dwp,DWP,61.84229502162855,0.0
9,G2,2,dwp,DWP,56.34000000000002,0.0
10,G2,2,dwp,DWP,42.68600000000001,0.0
11,G2,2,dwp,DWP,42.68600000000034,0.0
12,G2,2,dwp,DWP,42.68600000000022,0.0
13,G2,2,dwp,DWP,41.98200000000003,0.0
14,G2,2,dwp,DWP,42.68600000000028,0.0
15,G2,2,dwp,DWP,44.625596825397196,0.0
16,G2,2,dwp,DWP,57.61955714285712,0.0
17,G2,2,dwp,DWP,56.70264444444434,26.23514378768982
18,G2,2,dwp,DWP,70.29240000000027,31.999434214767142
19,G2,2,dwp,DWP,114.04079760212606,50.0
20,G2,2,dwp,DWP,70.8786,33.52475066343389
21,G2,2,dwp,DWP,62.22504137193542,0.0
22,G2,2,dwp,DWP,56.97400000000006,0.0
23,G2,2,dwp,DWP,42.685999999999794,0.0
24,G2,2,dwp,DWP,41.982000000000006,0.0
1,G2,2,xiao,S-CHP,55.63799999999993,0.0
2,G2,2,xiao,S-CHP,55.354017004078294,0.0
3,G2,2,xiao,S-CHP,42.68600000000298,0.0
4,G2,2,xiao,S-CHP,47.65998299558822,0.0
5,G2,2,xiao,S-CHP,56.34000000010613,0.0
6,G2,2,xiao,S-CHP,58.25999999922622,0.0
7,G2,2,xiao,S-CHP,69.3270352179058,0.0
8,G2,2,xiao,S-CHP,61.842295020960755,0.0
9,G2,2,xiao,S-CHP,56.33999999995752,0.0
10,G2,2,xiao,S-CHP,42.68600000002544,0.0
11,G2,2,xiao,S-CHP,42.68600000003988,0.0
12,G2,2,xiao,S-CHP,42.68599999982833,0.0
13,G2,2,xiao,S-CHP,41.98200000018032,0.0
14,G2,2,xiao,S-CHP,42.68599999999302,0.0
15,G2,2,xiao,S-CHP,44.62559682752904,0.0
16,G2,2,xiao,S-CHP,57.61955714279923,0.0
17,G2,2,xiao,S-CHP,56.70264444452905,26.23514378768982
18,G2,2,xiao,S-CHP,70.29240000001417,31.999434214767142
19,G2,2,xiao,S-CHP,114.04079760229934,50.0
20,G2,2,xiao,S-CHP,70.87859999998736,33.52475066343389
21,G2,2,xiao,S-CHP,62.22504137433349,0.0
22,G2,2,xiao,S-CHP,56.97399999965835,0.0
23,G2,2,xiao,S-CHP,42.68600000000695,0.0
24,G2,2,xiao,S-CHP,41.98200000012897,0.0
1,G2,2,chp,D-CHP,55.63800000027473,0.0
2,G2,2,chp,D-CHP,54.33276167875012,0.0
3,G2,2,chp,D-CHP,42.68600000004941,0.0
4,G2,2,chp,D-CHP,48.68123824051198,0.0
5,G2,2,chp,D-CHP,56.339999986638105,0.0
6,G2,2,chp,D-CHP,58.25999995301179,0.0
7,G2,2,chp,D-CHP,69.3270352509763,0.0
8,G2,2,chp,D-CHP,61.84229501920716,0.0
9,G2,2,chp,D-CHP,56.340000000272326,0.0
10,G2,2,chp,D-CHP,42.68600000006507,0.0
11,G2,2,chp,D-CHP,42.6859999999621,0.0
12,G2,2,chp,D-CHP,42.68599999964817,0.0
13,G2,2,chp,D-CHP,41.982000000445645,0.0
14,G2,2,chp,D-CHP,42.68599999984544,0.0
15,G2,2,chp,D-CHP,44.62559680740617,0.0
16,G2,2,chp,D-CHP,57.61955714018672,0.0
17,G2,2,chp,D-CHP,56.70264444761054,26.23514378768982
18,G2,2,chp,D-CHP,70.29239999997328,31.999434214767142
19,G2,2,chp,D-CHP,114.04079762351336,50.0
20,G2,2,chp,D-CHP,70.87859999979992,33.52475066343389
21,G2,2,chp,D-CHP,62.22504137497363,0.0
22,G2,2,chp,D-CHP,56.97399999917142,0.0
23,G2,2,chp,D-CHP,42.68599999996007,0.0
24,G2,2,chp,D-CHP,41.982000798068974,0.0
1,G3,22,lmp,LMP,42.68599999998385,0.0
2,G3,22,lmp,LMP,42.685999999760824,0.0
3,G3,22,lmp,LMP,41.982000000417955,0.0
4,G3,22,lmp,LMP,42.685999999760824,0.0
5,G3,22,lmp,LMP,42.68600000007976,0.0
6,G3,22,lmp,LMP,42.68599999997705,30.0
7,G3,22,lmp,LMP,56.97399999994765,36.42594522257398
8,G3,22,lmp,LMP,56.339999996216655,30.0
9,G3,22,lmp,LMP,56.97399999829019,30.88695652173831
10,G3,22,lmp,LMP,42.68599999966426,30.0
11,G3,22,lmp,LMP,42.686000000028045,0.0
12,G3,22,lmp,LMP,42.68599999976766,0.0
13,G3,22,lmp,LMP,41.98200000021478,0.0
14,G3,22,lmp,LMP,42.68599999992692,0.0
15,G3,22,lmp,LMP,42.685999999760824,0.0
16,G3,22,lmp,LMP,56.340000000560934,0.0
17,G3,22,lmp,LMP,67.97332991418546,0.0
18,G3,22,lmp,LMP,68.46209585966477,55.0
19,G3,22,lmp,LMP,61.56600000002954,56.09058738621278
20,G3,22,lmp,LMP,61.56600000008795,57.933184264225126
21,G3,22,lmp,LMP,61.56600000001416,55.47621745703952
22,G3,22,lmp,LMP,42.68600000050462,30.0
23,G3,22,lmp,LMP,41.98200000039243,30.0
24,G3,22,lmp,LMP,41.98199999987608,30.0
1,G3,22,mirp,IRP,55.63799999727582,0.0
2,G3,22,mirp,IRP,55.63799998407375,0.0
3,G3,22,mirp,IRP,42.68600000317773,0.0
4,G3,22,mirp,IRP,55.63799998262378,0.0
5,G3,22,mirp,IRP,55.63800000516637,0.0
6,G3,22,mirp,IRP,56.3400000019466,30.0
7,G3,22,mirp,IRP,69.34128035629423,36.42594522257398
8,G3,22,mirp,IRP,58.260000000682375,30.0
9,G3,22,mirp,IRP,56.34000000323475,30.88695652173831
10,G3,22,mirp,IRP,55.63799999543746,30.0
11,G3,22,mirp,IRP,42.686000000488264,0.0
12,G3,22,mirp,IRP,42.68599999928832,0.0
13,G3,22,mirp,IRP,41.98200000503526,0.0
14,G3,22,mirp,IRP,42.68599999990842,0.0
15,G3,22,mirp,IRP,55.637999979500485,0.0
16,G3,22,mirp,IRP,56.3400000031771,0.0
17,G3,22,mirp,IRP,57.67379757028683,0.0
18,G3,22,mirp,IRP,61.5660000051723,55.0
19,G3,22,mirp,IRP,61.566000001604195,56.09058738621278
20,G3,22,mirp,IRP,61.5660000122681,57.933184264225126
21,G3,22,mirp,IRP,61.566000000889716,55.47621745703952
22,G3,22,mirp,IRP,56.974000001454556,30.0
23,G3,22,mirp,IRP,57.75696902373876,30.0
24,G3,22,mirp,IRP,50.94036956120619,30.0
1,G3,22,level,LVM,55.6283435002389,0.0
2,G3,22,level,LVM,52.80136709890674,0.0
3,G3,22,level,LVM,42.70313138124085,0.0
4,G3,22,level,LVM,50.13246463821561,0.0
5,G3,22,level,LVM,56.339972901276624,0.0
6,G3,22,level,LVM,58.237447019036416,30.0
7,G3,22,level,LVM,67.6376672685691,36.42594522257398
8,G3,22,level,LVM,61.42539315784714,30.0
9,G3,22,level,LVM,56.26954186780378,30.88695652173831
10,G3,22,level,LVM,42.69371923362977,30.0
11,G3,22,level,LVM,42.673415585186376,0.0
12,G3,22,level,LVM,42.66497255824464,0.0
13,G3,22,level,LVM,42.0324856644745,0.0
14,G3,22,level,LVM,42.68950714723629,0.0
15,G3,22,level,LVM,45.01175332633465,0.0
16,G3,22,level,LVM,57.57412700152406,0.0
17,G3,22,level,LVM,56.622333318925854,0.0
18,G3,22,level,LVM,66.35918615716133,55.0
19,G3,22,level,LVM,66.13405032417926,56.09058738621278
20,G3,22,level,LVM,63.645588697976585,57.933184264225126
21,G3,22,level,LVM,63.258830527202406,55.47621745703952
22,G3,22,level,LVM,56.922149537894136,30.0
23,G3,22,level,LVM,42.676588995295894,30.0
24,G3,22,level,LVM,42.0046036301007,30.0
1,G3,22,lrp,LRP,43.22289665642141,0.0
2,G3,22,lrp,LRP,43.795312525420265,0.0
3,G3,22,lrp,LRP,42.6864957708873,0.0
4,G3,22,lrp,LRP,42.925136321965,0.0
5,G3,22,lrp,LRP,46.383042747364726,0.0
6,G3,22,lrp,LRP,53.79636399522938,30.0
7,G3,22,lrp,LRP,64.16359703254946,36.42594522257398
8,G3,22,lrp,LRP,58.90609470340408,30.0
9,G3,22,lrp,LRP,51.84292007745775,30.88695652173831
10,G3,22,lrp,LRP,44.796051124935175,30.0
11,G3,22,lrp,LRP,42.68532704260338,0.0
12,G3,22,lrp,LRP,42.157409827317245,0.0
13,G3,22,lrp,LRP,41.98297648637306,0.0
14,G3,22,lrp,LRP,42.53357728695656,0.0
15,G3,22,lrp,LRP,44.48954030089558,0.0
16,G3,22,lrp,LRP,54.472001097509434,0.0
17,G3,22,lrp,LRP,57.33879155815618,0.0
18,G3,22,lrp,LRP,63.113683853738344,55.0
19,G3,22,lrp,LRP,75.27180409889186,56.09058738621278
20,G3,22,lrp,LRP,64.74861376037184,57.933184264225126
21,G3,22,lrp,LRP,57.340761715701994,55.47621745703952
22,G3,22,lrp,LRP,46.50418541156248,30.0
23,G3,22,lrp,LRP,42.683757128417454,30.0
24,G3,22,lrp,LRP,41.98956629554078,30.0
1,G3,22,dwp,DWP,55.63799999999999,0.0
2,G3,22,dwp,DWP,46.67399999999884,0.0
3,G3,22,dwp,DWP,42.68600000000012,0.0
4,G3,22,dwp,DWP,56.33999999999993,0.0
5,G3,22,dwp,DWP,56.34000000000081,0.0
6,G3,22,dwp,DWP,58.259999999999565,30.0
7,G3,22,dwp,DWP,67.5110416666665,36.42594522257398
8,G3,22,dwp,DWP,61.566000000000265,30.0
9,G3,22,dwp,DWP,56.34000000000002,30.88695652173831
10,G3,22,dwp,DWP,42.68600000000001,30.0
11,G3,22,dwp,DWP,42.68600000000034,0.0
12,G3,22,dwp,DWP,42.68600000000022,0.0
13,G3,22,dwp,DWP,41.98200000000003,0.0
14,G3,22,dwp,DWP,42.68600000000028,0.0
15,G3,22,dwp,DWP,44.625596825397196,0.0
16,G3,22,dwp,DWP,57.61955714285712,0.0
17,G3,22,dwp,DWP,56.70264444444434,0.0
18,G3,22,dwp,DWP,66.15800000000009,55.0
19,G3,22,dwp,DWP,65.46161052631592,56.09058738621278
20,G3,22,dwp,DWP,66.15800000000003,57.933184264225126
21,G3,22,dwp,DWP,61.5659999999998,55.47621745703952
22,G3,22,dwp,DWP,56.97400000000006,30.0
23,G3,22,dwp,DWP,42.685999999999794,30.0
24,G3,22,dwp,DWP,41.982000000000006,30.0
1,G3,22,xiao,S-CHP,55.637999999999934,0.0
2,G3,22,xiao,S-CHP,55.35401700407823,0.0
3,G3,22,xiao,S-CHP,42.686000000003,0.0
4,G3,22,xiao,S-CHP,47.65998299558818,0.0
5,G3,22,xiao,S-CHP,56.340000000105825,0.0
6,G3,22,xiao,S-CHP,58.259999999225954,30.0
7,G3,22,xiao,S-CHP,67.51104166736852,36.42594522257398
8,G3,22,xiao,S-CHP,61.56599999944489,30.0
9,G3,22,xiao,S-CHP,56.33999999995692,30.88695652173831
10,G3,22,xiao,S-CHP,42.68600000002522,30.0
11,G3,22,xiao,S-CHP,42.68600000003977,0.0
12,G3,22,xiao,S-CHP,42.685999999828056,0.0
13,G3,22,xiao,S-CHP,41.982000000180044,0.0
14,G3,22,xiao,S-CHP,42.685999999992895,0.0
15,G3,22,xiao,S-CHP,44.62559682752895,0.0
16,G3,22,xiao,S-CHP,57.619557142798854,0.0
17,G3,22,xiao,S-CHP,56.70264444452864,0.0
18,G3,22,xiao,S-CHP,66.15799999998404,55.0
19,G3,22,xiao,S-CHP,65.46161052456614,56.09058738621278
20,G3,22,xiao,S-CHP,66.15799999983166,57.933184264225126
21,G3,22,xiao,S-CHP,61.566000002002156,55.47621745703952
22,G3,22,xiao,S-CHP,56.973999999657934,30.0
23,G3,22,xiao,S-CHP,42.68600000000648,30.0
24,G3,22,xiao,S-CHP,41.98200000012848,30.0
1,G3,22,chp,D-CHP,55.638000000267866,0.0
2,G3,22,chp,D-CHP,54.33276167876346,0.0
3,G3,22,chp,D-CHP,42.68600000006214,0.0
4,G3,22,chp,D-CHP,48.681238240525325,0.0
5,G3,22,chp,D-CHP,56.33999998664192,0.0
6,G3,22,chp,D-CHP,58.25999995300881,30.0
7,G3,22,chp,D-CHP,67.51104170010693,36.42594522257398
8,G3,22,chp,D-CHP,61.56599999780532,30.0
9,G3,22,chp,D-CHP,56.34000000027129,30.88695652173831
10,G3,22,chp,D-CHP,42.68600000007064,30.0
11,G3,22,chp,D-CHP,42.6859999999552,0.0
12,G3,22,chp,D-CHP,42.68599999959967,0.0
13,G3,22,chp,D-CHP,41.982000000422275,0.0
14,G3,22,chp,D-CHP,42.685999999813625,0.0
15,G3,22,chp,D-CHP,44.625596807402935,0.0
16,G3,22,chp,D-CHP,57.61955714018821,0.0
17,G3,22,chp,D-CHP,56.702644447611796,0.0
18,G3,22,chp,D-CHP,66.15800000054276,55.0
19,G3,22,chp,D-CHP,65.46161014675394,56.09058738621278
20,G3,22,chp,D-CHP,66.15799999898638,57.933184264225126
21,G3,22,chp,D-CHP,61.56600000243141,55.47621745703952
22,G3,22,chp,D-CHP,56.97399999916196,30.0
23,G3,22,chp,D-CHP,42.68599999995275,30.0
24,G3,22,chp,D-CHP,41.9820007980603,30.0
1,G4,27,lmp,LMP,42.68599999998385,0.0
2,G4,27,lmp,LMP,42.685999999760824,0.0
3,G4,27,lmp,LMP,41.982000000417955,0.0
4,G4,27,lmp,LMP,42.685999999760824,0.0
5,G4,27,lmp,LMP,42.68600000007976,0.0
6,G4,27,lmp,LMP,42.685999999970726,0.0
7,G4,27,lmp,LMP,56.93886353960129,0.0
8,G4,27,lmp,LMP,56.339999996231796,0.0
9,G4,27,lmp,LMP,56.97399999829019,0.0
10,G4,27,lmp,LMP,42.68599999966426,0.0
11,G4,27,lmp,LMP,42.686000000028045,0.0
12,G4,27,lmp,LMP,42.68599999976766,0.0
13,G4,27,lmp,LMP,41.98200000021478,0.0
14,G4,27,lmp,LMP,42.68599999992692,0.0
15,G4,27,lmp,LMP,42.685999999760824,0.0
16,G4,27,lmp,LMP,56.340000000560934,0.0
17,G4,27,lmp,LMP,67.3286074609285,0.0
18,G4,27,lmp,LMP,67.79028585863317,0.0
19,G4,27,lmp,LMP,75.18944083941835,0.0
20,G4,27,lmp,LMP,66.13513353168935,0.0
21,G4,27,lmp,LMP,61.27637359340329,0.0
22,G4,27,lmp,LMP,42.6860000005204,0.0
23,G4,27,lmp,LMP,41.982000000407204,0.0
24,G4,27,lmp,LMP,41.98199999988975,0.0
1,G4,27,mirp,IRP,55.63799999727613,0.0
2,G4,27,mirp,IRP,55.63799998407419,0.0
3,G4,27,mirp,IRP,42.68600000317818,0.0
4,G4,27,mirp,IRP,55.637999982860514,0.0
5,G4,27,mirp,IRP,55.63800000539557,0.0
6,G4,27,mirp,IRP,56.34000000221028,0.0
7,G4,27,mirp,IRP,68.6460173498818,0.0
8,G4,27,mirp,IRP,58.260000000833585,0.0
9,G4,27,mirp,IRP,56.34000000345578,0.0
10,G4,27,mirp,IRP,55.637999995668984,0.0
11,G4,27,mirp,IRP,42.68600000072251,0.0
12,G4,27,mirp,IRP,42.68599999951746,0.0
13,G4,27,mirp,IRP,41.9820000052628,0.0
14,G4,27,mirp,IRP,42.68600000013921,0.0
15,G4,27,mirp,IRP,55.63799997973722,0.0
16,G4,27,mirp,IRP,56.34000000333966,0.0
17,G4,27,mirp,IRP,57.59987812993974,0.0
18,G4,27,mirp,IRP,72.29559374451193,0.0
19,G4,27,mirp,IRP,79.55275779598665,0.0
20,G4,27,mirp,IRP,70.75382059696308,0.0
21,G4,27,mirp,IRP,61.27637359492097,0.0
22,G4,27,mirp,IRP,56.93886354141469,0.0
23,G4,27,mirp,IRP,57.75696902396568,0.0
24,G4,27,mirp,IRP,50.940369561434196,0.0
1,G4,27,level,LVM,55.628343500238685,0.0
2,G4,27,level,LVM,52.80136709890618,0.0
3,G4,27,level,LVM,42.70313138124031,0.0
4,G4,27,level,LVM,50.13246463821505,0.0
5,G4,27,level,LVM,56.33997290128508,0.0
6,G4,27,level,LVM,58.23744701904896,0.0
7,G4,27,level,LVM,67.1323657284681,0.0
8,G4,27,level,LVM,61.35235763319017,0.0
9,G4,27,level,LVM,56.26954186781152,0.0
10,G4,27,level,LVM,42.69371923362951,0.0
11,G4,27,level,LVM,42.67341558518581,0.0
12,G4,27,level,LVM,42.66497255824414,0.0
13,G4,27,level,LVM,42.03248566447402,0.0
14,G4,27,level,LVM,42.689507147235766,0.0
15,G4,27,level,LVM,45.01175332633407,0.0
16,G4,27,level,LVM,57.57412700152993,0.0
17,G4,27,level,LVM,56.62233331894144,0.0
18,G4,27,level,LVM,67.47897940563742,0.0
19,G4,27,level,LVM,93.27803778700324,0.0
20,G4,27,level,LVM,66.99140173585177,0.0
21,G4,27,level,LVM,62.981324357626136,0.0
22,G4,27,level,LVM,56.92214953791264,0.0
23,G4,27,level,LVM,42.67658899531265,0.0
24,G4,27,level,LVM,42.00460363011665,0.0
1,G4,27,lrp,LRP,43.22289665642141,0.0
2,G4,27,lrp,LRP,43.795312525420265,0.0
3,G4,27,lrp,LRP,42.6864957708873,0.0
4,G4,27,lrp,LRP,42.925136321965,0.0
5,G4,27,lrp,LRP,46.383042747364726,0.0
6,G4,27,lrp,LRP,53.79636399522938,0.0
7,G4,27,lrp,LRP,64.14771768255459,0.0
8,G4,27,lrp,LRP,58.89667115463178,0.0
9,G4,27,lrp,LRP,51.84292007745775,0.0
10,G4,27,lrp,LRP,44.796051124935175,0.0
11,G4,27,lrp,LRP,42.68532704260338,0.0
12,G4,27,lrp,LRP,42.157409827317245,0.0
13,G4,27,lrp,LRP,41.98297648637306,0.0
14,G4,27,lrp,LRP,42.53357728695656,0.0
15,G4,27,lrp,LRP,44.48954030089558,0.0
16,G4,27,lrp,LRP,54.472001097509434,0.0
17,G4,27,lrp,LRP,57.31623563298882,0.0
18,G4,27,lrp,LRP,63.086140443936756,0.0
19,G4,27,lrp,LRP,76.35820783617147,0.0
20,G4,27,lrp,LRP,64.67167443130008,0.0
21,G4,27,lrp,LRP,57.327871979797436,0.0
22,G4,27,lrp,LRP,46.50418541156248,0.0
23,G4,27,lrp,LRP,42.683757128417454,0.0
24,G4,27,lrp,LRP,41.98956629554078,0.0
1,G4,27,dwp,DWP,55.63799999999999,0.0
2,G4,27,dwp,DWP,46.67399999999884,0.0
3,G4,27,dwp,DWP,42.68600000000012,0.0
4,G4,27,dwp,DWP,56.33999999999993,0.0
5,G4,27,dwp,DWP,56.34000000000081,0.0
6,G4,27,dwp,DWP,58.259999999999565,0.0
7,G4,27,dwp,DWP,67.00617903915402,0.0
8,G4,27,dwp,DWP,61.489187485688234,0.0
9,G4,27,dwp,DWP,56.34000000000002,0.0
10,G4,27,dwp,DWP,42.68600000000001,0.0
11,G4,27,dwp,DWP,42.68600000000034,0.0
12,G4,27,dwp,DWP,42.68600000000022,0.0
13,G4,27,dwp,DWP,41.98200000000003,0.0
14,G4,27,dwp,DWP,42.68600000000028,0.0
15,G4,27,dwp,DWP,44.625596825397196,0.0
16,G4,27,dwp,DWP,57.61955714285712,0.0
17,G4,27,dwp,DWP,56.70264444444434,0.0
18,G4,27,dwp,DWP,67.22415935550947,0.0
19,G4,27,dwp,DWP,93.08864457978167,0.0
20,G4,27,dwp,DWP,67.68478857269531,0.0
21,G4,27,dwp,DWP,61.38278053945473,0.0
22,G4,27,dwp,DWP,56.97400000000006,0.0
23,G4,27,dwp,DWP,42.685999999999794,0.0
24,G4,27,dwp,DWP,41.982000000000006,0.0
1,G4,27,xiao,S-CHP,55.63799999999982,0.0
2,G4,27,xiao,S-CHP,55.35401700407801,0.0
3,G4,27,xiao,S-CHP,42.686000000002714,0.0
4,G4,27,xiao,S-CHP,47.659982995587995,0.0
5,G4,27,xiao,S-CHP,56.34000000010603,0.0
6,G4,27,xiao,S-CHP,58.25999999922627,0.0
7,G4,27,xiao,S-CHP,67.00617903984498,0.0
8,G4,27,xiao,S-CHP,61.48918748516491,0.0
9,G4,27,xiao,S-CHP,56.33999999995718,0.0
10,G4,27,xiao,S-CHP,42.686000000025274,0.0
11,G4,27,xiao,S-CHP,42.68600000003973,0.0
12,G4,27,xiao,S-CHP,42.68599999982812,0.0
13,G4,27,xiao,S-CHP,41.982000000180115,0.0
14,G4,27,xiao,S-CHP,42.68599999999288,0.0
15,G4,27,xiao,S-CHP,44.62559682752892,0.0
16,G4,27,xiao,S-CHP,57.61955714279909,0.0
17,G4,27,xiao,S-CHP,56.70264444452884,0.0
18,G4,27,xiao,S-CHP,67.2241593555201,0.0
19,G4,27,xiao,S-CHP,93.08864457930076,0.0
20,G4,27,xiao,S-CHP,67.68478857282722,0.0
21,G4,27,xiao,S-CHP,61.38278054134924,0.0
22,G4,27,xiao,S-CHP,56.97399999965829,0.0
23,G4,27,xiao,S-CHP,42.68600000000692,0.0
24,G4,27,xiao,S-CHP,41.98200000012881,0.0
1,G4,27,chp,D-CHP,55.63800000025375,0.0
2,G4,27,chp,D-CHP,54.33276167876614,0.0
3,G4,27,chp,D-CHP,42.686000000064745,0.0
4,G4,27,chp,D-CHP,48.68123824052801,0.0
5,G4,27,chp,D-CHP,56.33999998665765,0.0
6,G4,27,chp,D-CHP,58.2599999530283,0.0
7,G4,27,chp,D-CHP,67.00617907253253,0.0
8,G4,27,chp,D-CHP,61.48918748357818,0.0
9,G4,27,chp,D-CHP,56.34000000028382,0.0
10,G4,27,chp,D-CHP,42.68600000007368,0.0
11,G4,27,chp,D-CHP,42.68599999996851,0.0
12,G4,27,chp,D-CHP,42.685999999640856,0.0
13,G4,27,chp,D-CHP,41.98200000044568,0.0
14,G4,27,chp,D-CHP,42.685999999843936,0.0
15,G4,27,chp,D-CHP,44.62559680741521,0.0
16,G4,27,chp,D-CHP,57.61955714019629,0.0
17,G4,27,chp,D-CHP,56.70264444763312,0.0
18,G4,27,chp,D-CHP,67.22415935522992,0.0
19,G4,27,chp,D-CHP,93.08864450086136,0.0
20,G4,27,chp,D-CHP,67.68478852746254,0.0
21,G4,27,chp,D-CHP,61.38278054189152,0.0
22,G4,27,chp,D-CHP,56.9739999991897,0.0
23,G4,27,chp,D-CHP,42.68599999997993,0.0
24,G4,27,chp,D-CHP,41.98200079808538,0.0
1,G5,23,lmp,LMP,42.68599999998385,25.0
2,G5,23,lmp,LMP,42.685999999760824,25.0
3,G5,23,lmp,LMP,41.982000000417955,25.0
4,G5,23,lmp,LMP,42.685999999760824,25.0
5,G5,23,lmp,LMP,42.68600000007976,25.0
6,G5,23,lmp,LMP,42.68599999986285,25.0
7,G5,23,lmp,LMP,56.33999999986292,32.18275042959993
8,G5,23,lmp,LMP,56.33999999611364,26.03478260869565
9,G5,23,lmp,LMP,56.97399999829019,0.0
10,G5,23,lmp,LMP,42.68599999966426,0.0
11,G5,23,lmp,LMP,42.686000000028045,0.0
12,G5,23,lmp,LMP,42.68599999976766,0.0
13,G5,23,lmp,LMP,41.98200000021478,0.0
14,G5,23,lmp,LMP,42.68599999992692,0.0
15,G5,23,lmp,LMP,42.685999999760824,25.0
16,G5,23,lmp,LMP,56.340000000560934,35.07826086956521
17,G5,23,lmp,LMP,56.340000000039126,40.756160560136266
18,G5,23,lmp,LMP,56.33999999989943,34.47882665479805
19,G5,23,lmp,LMP,56.339999999932935,39.17627342884477
20,G5,23,lmp,LMP,56.339999999896186,34.211630289732305
21,G5,23,lmp,LMP,56.33999999980367,29.89769558643878
22,G5,23,lmp,LMP,42.686000000417096,25.0
23,G5,23,lmp,LMP,41.98200000028079,25.0
24,G5,23,lmp,LMP,41.981999999740516,25.0
1,G5,23,mirp,IRP,55.637999997067304,25.0
2,G5,23,mirp,IRP,55.63799998391109,25.0
3,G5,23,mirp,IRP,42.68600000302092,25.0
4,G5,23,mirp,IRP,55.637999982612925,25.0
5,G5,23,mirp,IRP,55.63800000504278,25.0
6,G5,23,mirp,IRP,56.340000001373035,25.0
7,G5,23,mirp,IRP,56.79599999404559,32.18275042959993
8,G5,23,mirp,IRP,58.259999997114605,26.03478260869565
9,G5,23,mirp,IRP,56.340000002579394,0.0
10,G5,23,mirp,IRP,55.63799999539664,0.0
11,G5,23,mirp,IRP,42.68600000048039,0.0
12,G5,23,mirp,IRP,42.6859999992724,0.0
13,G5,23,mirp,IRP,41.98200000501675,0.0
14,G5,23,mirp,IRP,42.68599999989513,0.0
15,G5,23,mirp,IRP,55.63799997948963,25.0
16,G5,23,mirp,IRP,56.340000001068624,35.07826086956521
17,G5,23,mirp,IRP,56.340000000061686,40.756160560136266
18,G5,23,mirp,IRP,56.340000000384805,34.47882665479805
19,G5,23,mirp,IRP,58.01399999497531,39.17627342884477
20,G5,23,mirp,IRP,56.34000000029303,34.211630289732305
21,G5,23,mirp,IRP,56.339999999921744,29.89769558643878
22,G5,23,mirp,IRP,56.34000000155113,25.0
23,G5,23,mirp,IRP,57.75696902339344,25.0
24,G5,23,mirp,IRP,50.94036956113121,25.0
1,G5,23,level,LVM,55.628343500236284,25.0
2,G5,23,level,LVM,52.801367098912664,25.0
3,G5,23,level,LVM,42.70313138124648,25.0
4,G5,23,level,LVM,50.132464638221535,25.0
5,G5,23,level,LVM,56.33997290129007,25.0
6,G5,23,level,LVM,58.23744701902924,25.0
7,G5,23,level,LVM,58.52003922462616,32.18275042959993
8,G5,23,level,LVM,60.10754491264237,26.03478260869565
9,G5,23,level,LVM,56.26954186779965,0.0
10,G5,23,level,LVM,42.69371923362839,0.0
11,G5,23,level,LVM,42.67341558519339,0.0
12,G5,23,level,LVM,42.664972558250746,0.0
13,G5,23,level,LVM,42.03248566448031,0.0
14,G5,23,level,LVM,42.68950714724269,0.0
15,G5,23,level,LVM,45.011753326341136,25.0
16,G5,23,level,LVM,57.574127001504664,35.07826086956521
17,G5,23,level,LVM,56.62233331891582,40.756160560136266
18,G5,23,level,LVM,58.225424982321115,34.47882665479805
19,G5,23,level,LVM,60.12537076282075,39.17627342884477
20,G5,23,level,LVM,59.13161678199563,34.211630289732305
21,G5,23,level,LVM,58.2515272954753,29.89769558643878
22,G5,23,level,LVM,56.92214953788963,25.0
23,G5,23,level,LVM,42.676588995306254,25.0
24,G5,23,level,LVM,42.00460363010915,25.0
1,G5,23,lrp,LRP,43.22289665642141,25.0
2,G5,23,lrp,LRP,43.795312525420265,25.0
3,G5,23,lrp,LRP,42.6864957708873,25.0
4,G5,23,lrp,LRP,42.925136321965,25.0
5,G5,23,lrp,LRP,46.383042747364726,25.0
6,G5,23,lrp,LRP,53.79636399522938,25.0
7,G5,23,lrp,LRP,62.98273051783685,32.18275042959993
8,G5,23,lrp,LRP,58.529793734922904,26.03478260869565
9,G5,23,lrp,LRP,51.84292007745775,0.0
10,G5,23,lrp,LRP,44.796051124935175,0.0
11,G5,23,lrp,LRP,42.68532704260338,0.0
12,G5,23,lrp,LRP,42.157409827317245,0.0
13,G5,23,lrp,LRP,41.98297648637306,0.0
14,G5,23,lrp,LRP,42.53357728695656,0.0
15,G5,23,lrp,LRP,44.48954030089558,25.0
16,G5,23,lrp,LRP,54.472001097509434,35.07826086956521
17,G5,23,lrp,LRP,56.82927541257832,40.756160560136266
18,G5,23,lrp,LRP,58.25193608244304,34.47882665479805
19,G5,23,lrp,LRP,67.0591512145813,39.17627342884477
20,G5,23,lrp,LRP,59.56610189652648,34.211630289732305
21,G5,23,lrp,LRP,57.097673046142475,29.89769558643878
22,G5,23,lrp,LRP,46.50418541156248,25.0
23,G5,23,lrp,LRP,42.683757128417454,25.0
24,G5,23,lrp,LRP,41.98956629554078,25.0
1,G5,23,dwp,DWP,55.63799999999999,25.0
2,G5,23,dwp,DWP,46.67399999999884,25.0
3,G5,23,dwp,DWP,42.68600000000012,25.0
4,G5,23,dwp,DWP,56.33999999999993,25.0
5,G5,23,dwp,DWP,56.34000000000081,25.0
6,G5,23,dwp,DWP,58.259999999999565,25.0
7,G5,23,dwp,DWP,58.401333333333895,32.18275042959993
8,G5,23,dwp,DWP,60.17999999999981,26.03478260869565
9,G5,23,dwp,DWP,56.34000000000002,0.0
10,G5,23,dwp,DWP,42.68600000000001,0.0
11,G5,23,dwp,DWP,42.68600000000034,0.0
12,G5,23,dwp,DWP,42.68600000000022,0.0
13,G5,23,dwp,DWP,41.98200000000003,0.0
14,G5,23,dwp,DWP,42.68600000000028,0.0
15,G5,23,dwp,DWP,44.625596825397196,25.0
16,G5,23,dwp,DWP,57.61955714285712,35.07826086956521
17,G5,23,dwp,DWP,56.70264444444434,40.756160560136266
18,G5,23,dwp,DWP,58.25999999999986,34.47882665479805
19,G5,23,dwp,DWP,60.18000000000008,39.17627342884477
20,G5,23,dwp,DWP,58.93386560846568,34.211630289732305
21,G5,23,dwp,DWP,58.26,29.89769558643878
22,G5,23,dwp,DWP,56.97400000000006,25.0
23,G5,23,dwp,DWP,42.685999999999794,25.0
24,G5,23,dwp,DWP,41.982000000000006,25.0
1,G5,23,xiao,S-CHP,55.63799999999933,25.0
2,G5,23,xiao,S-CHP,55.35401700407805,25.0
3,G5,23,xiao,S-CHP,42.68600000000278,25.0
4,G5,23,xiao,S-CHP,47.659982995588166,25.0
5,G5,23,xiao,S-CHP,56.340000000106095,25.0
6,G5,23,xiao,S-CHP,58.25999999922574,25.0
7,G5,23,xiao,S-CHP,58.401333333822436,32.18275042959993
8,G5,23,xiao,S-CHP,60.18000000001125,26.03478260869565
9,G5,23,xiao,S-CHP,56.3399999999554,0.0
10,G5,23,xiao,S-CHP,42.68600000002527,0.0
11,G5,23,xiao,S-CHP,42.68600000003978,0.0
12,G5,23,xiao,S-CHP,42.68599999982811,0.0
13,G5,23,xiao,S-CHP,41.98200000018011,0.0
14,G5,23,xiao,S-CHP,42.68599999999295,0.0
15,G5,23,xiao,S-CHP,44.6255968275291,25.0
16,G5,23,xiao,S-CHP,57.61955714279817,35.07826086956521
17,G5,23,xiao,S-CHP,56.70264444452648,40.756160560136266
18,G5,23,xiao,S-CHP,58.26000000002945,34.47882665479805
19,G5,23,xiao,S-CHP,60.17999999904658,39.17627342884477
20,G5,23,xiao,S-CHP,58.93386560950101,34.211630289732305
21,G5,23,xiao,S-CHP,58.260000000026764,29.89769558643878
22,G5,23,xiao,S-CHP,56.973999999657565,25.0
23,G5,23,xiao,S-CHP,42.6860000000069,25.0
24,G5,23,xiao,S-CHP,41.98200000012871,25.0
1,G5,23,chp,D-CHP,55.6380000002515,25.0
2,G5,23,chp,D-CHP,54.33276167877468,25.0
3,G5,23,chp,D-CHP,42.686000000072774,25.0
4,G5,23,chp,D-CHP,48.68123824053652,25.0
5,G5,23,chp,D-CHP,56.3399999866632,25.0
6,G5,23,chp,D-CHP,58.25999995299104,25.0
7,G5,23,chp,D-CHP,58.40133336494948,32.18275042959993
8,G5,23,chp,D-CHP,60.17999999891416,26.03478260869565
9,G5,23,chp,D-CHP,56.34000000025273,0.0
10,G5,23,chp,D-CHP,42.68600000006028,0.0
11,G5,23,chp,D-CHP,42.68599999997744,0.0
12,G5,23,chp,D-CHP,42.68599999964626,0.0
13,G5,23,chp,D-CHP,41.98200000045207,0.0
14,G5,23,chp,D-CHP,42.68599999985066,0.0
15,G5,23,chp,D-CHP,44.62559680742272,25.0
16,G5,23,chp,D-CHP,57.61955714013764,35.07826086956521
17,G5,23,chp,D-CHP,56.70264444757367,40.756160560136266
18,G5,23,chp,D-CHP,58.25999999722328,34.47882665479805
19,G5,23,chp,D-CHP,60.17999999698125,39.17627342884477
20,G5,23,chp,D-CHP,58.93386534783359,34.211630289732305
21,G5,23,chp,D-CHP,58.26000000006427,29.89769558643878
22,G5,23,chp,D-CHP,56.97399999914643,25.0
23,G5,23,chp,D-CHP,42.68599999996736,25.0
24,G5,23,chp,D-CHP,41.98200079807145,25.0
1,G6,13,lmp,LMP,42.68599999998385,0.0
2,G6,13,lmp,LMP,42.685999999760824,0.0
3,G6,13,lmp,LMP,41.982000000417955,0.0
4,G6,13,lmp,LMP,42.685999999760824,0.0
5,G6,13,lmp,LMP,42.68600000007976,0.0
6,G6,13,lmp,LMP,42.68600000002829,0.0
7,G6,13,lmp,LMP,57.25841486225598,0.0
8,G6,13,lmp,LMP,56.339999996301785,0.0
9,G6,13,lmp,LMP,56.97399999829019,0.0
10,G6,13,lmp,LMP,42.68599999966426,0.0
11,G6,13,lmp,LMP,42.686000000028045,0.0
12,G6,13,lmp,LMP,42.68599999976766,0.0
13,G6,13,lmp,LMP,41.98200000021478,0.0
14,G6,13,lmp,LMP,42.68599999992692,0.0
15,G6,13,lmp,LMP,42.685999999760824,0.0
16,G6,13,lmp,LMP,56.340000000560934,0.0
17,G6,13,lmp,LMP,73.1920868912978,10.0
18,G6,13,lmp,LMP,73.90011514034828,10.0
19,G6,13,lmp,LMP,89.87700000010204,23.933139184942384
20,G6,13,lmp,LMP,72.97853061863404,10.0
21,G6,13,lmp,LMP,63.9104038962491,0.0
22,G6,13,lmp,LMP,42.686000000582396,0.0
23,G6,13,lmp,LMP,41.982000000481634,0.0
24,G6,13,lmp,LMP,41.98199999997644,0.0
1,G6,13,mirp,IRP,55.63799999727328,0.0
2,G6,13,mirp,IRP,55.637999984070156,0.0
3,G6,13,mirp,IRP,42.68600000317412,0.0
4,G6,13,mirp,IRP,55.637999982737824,0.0
5,G6,13,mirp,IRP,55.638000005275785,0.0
6,G6,13,mirp,IRP,56.340000002207546,0.0
7,G6,13,mirp,IRP,74.96914184800384,0.0
8,G6,13,mirp,IRP,58.26000000231466,0.0
9,G6,13,mirp,IRP,56.34000000341399,0.0
10,G6,13,mirp,IRP,55.63799999554766,0.0
11,G6,13,mirp,IRP,42.6860000006015,0.0
12,G6,13,mirp,IRP,42.68599999939898,0.0
13,G6,13,mirp,IRP,41.98200000514512,0.0
14,G6,13,mirp,IRP,42.6860000000199,0.0
15,G6,13,mirp,IRP,55.63799997961453,0.0
16,G6,13,mirp,IRP,56.34000000386312,0.0
17,G6,13,mirp,IRP,58.272144340476416,10.0
18,G6,13,mirp,IRP,84.47608031735365,10.0
19,G6,13,mirp,IRP,97.09634829364666,23.933139184942384
20,G6,13,mirp,IRP,81.59859831206049,10.0
21,G6,13,mirp,IRP,63.91040389794175,0.0
22,G6,13,mirp,IRP,57.258414863586474,0.0
23,G6,13,mirp,IRP,57.75696902386433,0.0
24,G6,13,mirp,IRP,50.94036956131378,0.0
1,G6,13,level,LVM,55.62834350023472,0.0
2,G6,13,level,LVM,52.801367098902944,0.0
3,G6,13,level,LVM,42.70313138123722,0.0
4,G6,13,level,LVM,50.132464638211815,0.0
5,G6,13,level,LVM,56.33997290128071,0.0
6,G6,13,level,LVM,58.23744701904432,0.0
7,G6,13,level,LVM,71.72787061851301,0.0
8,G6,13,level,LVM,62.01658499866476,0.0
9,G6,13,level,LVM,56.269541867806666,0.0
10,G6,13,level,LVM,42.693719233625785,0.0
11,G6,13,level,LVM,42.673415585183044,0.0
12,G6,13,level,LVM,42.66497255824176,0.0
13,G6,13,level,LVM,42.03248566447176,0.0
14,G6,13,level,LVM,42.68950714723326,0.0
15,G6,13,level,LVM,45.011753326330854,0.0
16,G6,13,level,LVM,57.574127001525916,0.0
17,G6,13,level,LVM,56.62233331893055,10.0
18,G6,13,level,LVM,72.93924729911392,10.0
19,G6,13,level,LVM,120.11113548766153,23.933139184942384
20,G6,13,level,LVM,72.38191405598543,10.0
21,G6,13,level,LVM,65.50512620353197,0.0
22,G6,13,level,LVM,56.92214953790813,0.0
23,G6,13,level,LVM,42.676588995307355,0.0
24,G6,13,level,LVM,42.00460363011234,0.0
1,G6,13,lrp,LRP,43.22289665642141,0.0
2,G6,13,lrp,LRP,43.795312525420265,0.0
3,G6,13,lrp,LRP,42.6864957708873,0.0
4,G6,13,lrp,LRP,42.925136321965,0.0
5,G6,13,lrp,LRP,46.383042747364726,0.0
6,G6,13,lrp,LRP,53.79636399522938,0.0
7,G6,13,lrp,LRP,64.29213368915123,0.0
8,G6,13,lrp,LRP,58.98237436553799,0.0
9,G6,13,lrp,LRP,51.84292007745775,0.0
10,G6,13,lrp,LRP,44.796051124935175,0.0
11,G6,13,lrp,LRP,42.68532704260338,0.0
12,G6,13,lrp,LRP,42.157409827317245,0.0
13,G6,13,lrp,LRP,41.98297648637306,0.0
14,G6,13,lrp,LRP,42.53357728695656,0.0
15,G6,13,lrp,LRP,44.48954030089558,0.0
16,G6,13,lrp,LRP,54.472001097509434,0.0
17,G6,13,lrp,LRP,57.521372281454646,10.0
18,G6,13,lrp,LRP,63.92355111146474,10.0
19,G6,13,lrp,LRP,77.0677031445232,23.933139184942384
20,G6,13,lrp,LRP,65.52341182893159,10.0
21,G6,13,lrp,LRP,57.450471588657784,0.0
22,G6,13,lrp,LRP,46.50418541156248,0.0
23,G6,13,lrp,LRP,42.683757128417454,0.0
24,G6,13,lrp,LRP,41.98956629554078,0.0
1,G6,13,dwp,DWP,55.63799999999999,0.0
2,G6,13,dwp,DWP,46.67399999999884,0.0
3,G6,13,dwp,DWP,42.68600000000012,0.0
4,G6,13,dwp,DWP,56.33999999999993,0.0
5,G6,13,dwp,DWP,56.34000000000081,0.0
6,G6,13,dwp,DWP,58.259999999999565,0.0
7,G6,13,dwp,DWP,71.5976922036596,0.0
8,G6,13,dwp,DWP,62.18776498270001,0.0
9,G6,13,dwp,DWP,56.34000000000002,0.0
10,G6,13,dwp,DWP,42.68600000000001,0.0
11,G6,13,dwp,DWP,42.68600000000034,0.0
12,G6,13,dwp,DWP,42.68600000000022,0.0
13,G6,13,dwp,DWP,41.98200000000003,0.0
14,G6,13,dwp,DWP,42.68600000000028,0.0
15,G6,13,dwp,DWP,44.625596825397196,0.0
16,G6,13,dwp,DWP,57.61955714285712,0.0
17,G6,13,dwp,DWP,56.70264444444434,10.0
18,G6,13,dwp,DWP,72.50781278192267,10.0
19,G6,13,dwp,DWP,119.93885848671611,23.933139184942384
20,G6,13,dwp,DWP,72.99550728168217,10.0
21,G6,13,dwp,DWP,63.04908443925274,0.0
22,G6,13,dwp,DWP,56.97400000000006,0.0
23,G6,13,dwp,DWP,42.685999999999794,0.0
24,G6,13,dwp,DWP,41.982000000000006,0.0
1,G6,13,xiao,S-CHP,55.63799999999982,0.0
2,G6,13,xiao,S-CHP,55.354017004077996,0.0
3,G6,13,xiao,S-CHP,42.68600000000279,0.0
4,G6,13,xiao,S-CHP,47.659982995588045,0.0
5,G6,13,xiao,S-CHP,56.34000000010602,0.0
6,G6,13,xiao,S-CHP,58.25999999922615,0.0
7,G6,13,xiao,S-CHP,71.59769220445799,0.0
8,G6,13,xiao,S-CHP,62.18776498189068,0.0
9,G6,13,xiao,S-CHP,56.33999999995767,0.0
10,G6,13,xiao,S-CHP,42.686000000025324,0.0
11,G6,13,xiao,S-CHP,42.68600000003981,0.0
12,G6,13,xiao,S-CHP,42.685999999828255,0.0
13,G6,13,xiao,S-CHP,41.98200000018022,0.0
14,G6,13,xiao,S-CHP,42.68599999999296,0.0
15,G6,13,xiao,S-CHP,44.625596827529,0.0
16,G6,13,xiao,S-CHP,57.619557142799245,0.0
17,G6,13,xiao,S-CHP,56.702644444529255,10.0
18,G6,13,xiao,S-CHP,72.5078127819289,10.0
19,G6,13,xiao,S-CHP,119.9388584868911,23.933139184942384
20,G6,13,xiao,S-CHP,72.99550728140731,10.0
21,G6,13,xiao,S-CHP,63.049084442143304,0.0
22,G6,13,xiao,S-CHP,56.97399999965833,0.0
23,G6,13,xiao,S-CHP,42.68600000000685,0.0
24,G6,13,xiao,S-CHP,41.98200000012884,0.0
1,G6,13,chp,D-CHP,55.638000000252426,0.0
2,G6,13,chp,D-CHP,54.332761678758104,0.0
3,G6,13,chp,D-CHP,42.686000000057035,0.0
4,G6,13,chp,D-CHP,48.68123824051997,0.0
5,G6,13,chp,D-CHP,56.33999998656425,0.0
6,G6,13,chp,D-CHP,58.259999952995635,0.0
7,G6,13,chp,D-CHP,71.59769223791976,0.0
8,G6,13,chp,D-CHP,62.18776497995795,0.0
9,G6,13,chp,D-CHP,56.3400000002478,0.0
10,G6,13,chp,D-CHP,42.68600000007033,0.0
11,G6,13,chp,D-CHP,42.68599999996458,0.0
12,G6,13,chp,D-CHP,42.68599999962559,0.0
13,G6,13,chp,D-CHP,41.98200000039157,0.0
14,G6,13,chp,D-CHP,42.68599999977928,0.0
15,G6,13,chp,D-CHP,44.625596807375175,0.0
16,G6,13,chp,D-CHP,57.6195571401837,0.0
17,G6,13,chp,D-CHP,56.70264444760792,10.0
18,G6,13,chp,D-CHP,72.50781278259815,10.0
19,G6,13,chp,D-CHP,119.93885846009555,23.933139184942384
20,G6,13,chp,D-CHP,72.99550734129109,10.0
21,G6,13,chp,D-CHP,63.049084442908246,0.0
22,G6,13,chp,D-CHP,56.973999999182254,0.0
23,G6,13,chp,D-CHP,42.685999999969454,0.0
24,G6,13,chp,D-CHP,41.982000798077145,0.0
